TreeDepth,Type,Callback,Module,Symbol,Detail
0,PspLoadImageNotifyRoutine,0xf80c9cd377f0,xen1,-,N/A
0,PspLoadImageNotifyRoutine,0xf80c9cd73240,EC2WinUtilDriver1,-,N/A
0,PspLoadImageNotifyRoutine,0xf80c9d294cf0,WdFilter1,-,N/A
0,PspLoadImageNotifyRoutine,0xf80735a5e980,ahcache1,-,N/A
0,PspCreateThreadNotifyRoutine,0xf80c9d295a70,WdFilter1,-,N/A
0,PspCreateThreadNotifyRoutine,0xf80c9d2957d0,WdFilter1,-,N/A
0,PspCreateThreadNotifyRoutine,0xf80732541010,mmcss1,MmFreeIndependentPages,N/A
0,PspCreateProcessNotifyRoutine,0xf80732b82270,ntoskrnl1,ViCreateProcessCallback,N/A
0,PspCreateProcessNotifyRoutine,0xf80c9c609640,cng1,-,N/A
0,PspCreateProcessNotifyRoutine,0xf80c9cd37d20,xen1,-,N/A
0,PspCreateProcessNotifyRoutine,0xf80c9d2943b0,WdFilter1,-,N/A
0,PspCreateProcessNotifyRoutine,0xf80c9c50b3e0,ksecdd1,MiQueueLargeFreeZeroRebuild,N/A
0,PspCreateProcessNotifyRoutine,0xf80c9d4c2360,tcpip1,PspChargeQuota,N/A
0,PspCreateProcessNotifyRoutine,0xf80c9d12f830,CI1,-,N/A
0,PspCreateProcessNotifyRoutine,0xf80735af1ee0,dxgkrnl1,-,N/A
0,PspCreateProcessNotifyRoutine,0xf80736303c90,peauth1,-,N/A
0,PspCreateProcessNotifyRoutine,0xf8073252c3f0,MpKslDrv1,-,N/A
0,KeBugCheckCallbackListHead,0xf80c9cab4e90,NDIS1,-,Ndis miniport
0,KeBugCheckCallbackListHead,0xf80c9ccf4300,xenbus1,-,XENBUS
0,KeBugCheckCallbackListHead,0xf80c9cd33050,xen1,-,XEN
0,KeBugCheckCallbackListHead,0xf80732a0a6a0,hal1,-,HAL
0,KeBugCheckReasonCallbackListHead,0xf80c9c752c00,Wdf010001,-,-
0,KeBugCheckReasonCallbackListHead,0xf80c9c7c2850,WppRecorder1,-,-
0,KeBugCheckReasonCallbackListHead,0xf80c9c7c27f0,WppRecorder1,-,-
0,KeBugCheckReasonCallbackListHead,0xf80c9c7c2850,WppRecorder1,-,-
0,KeBugCheckReasonCallbackListHead,0xf80c9c7c2850,WppRecorder1,-,-
0,KeBugCheckReasonCallbackListHead,0xf80c9c7c2850,WppRecorder1,-,-
0,KeBugCheckReasonCallbackListHead,0xf80c9c7c2850,WppRecorder1,-,-
0,KeBugCheckReasonCallbackListHead,0xf80c9c7c2850,WppRecorder1,-,-
0,KeBugCheckReasonCallbackListHead,0xf80c9c7c2850,WppRecorder1,-,-
0,KeBugCheckReasonCallbackListHead,0xf80c9c7c2850,WppRecorder1,-,-
0,KeBugCheckReasonCallbackListHead,0xf80c9c7c2850,WppRecorder1,-,-
0,KeBugCheckReasonCallbackListHead,0xf80c9c7c27f0,WppRecorder1,-,-
0,KeBugCheckReasonCallbackListHead,0xf80c9c7c2850,WppRecorder1,-,-
0,KeBugCheckReasonCallbackListHead,0xf80c9c7c27f0,WppRecorder1,-,-
0,KeBugCheckReasonCallbackListHead,0xf80c9c752c00,Wdf010001,-,-
0,KeBugCheckReasonCallbackListHead,0xf80c9c752c00,Wdf010001,-,-
0,KeBugCheckReasonCallbackListHead,0xf80c9c752c00,Wdf010001,-,-
0,KeBugCheckReasonCallbackListHead,0xf80c9c7c27f0,WppRecorder1,-,-
0,KeBugCheckReasonCallbackListHead,0xf80c9c7c2850,WppRecorder1,-,-
0,KeBugCheckReasonCallbackListHead,0xf80c9c7c2850,WppRecorder1,-,-
0,KeBugCheckReasonCallbackListHead,0xf80c9c7c2850,WppRecorder1,-,-
0,KeBugCheckReasonCallbackListHead,0xf80c9c7c2850,WppRecorder1,-,-
0,KeBugCheckReasonCallbackListHead,0xf80c9c7c2850,WppRecorder1,-,-
0,KeBugCheckReasonCallbackListHead,0xf80c9c7c2850,WppRecorder1,-,-
0,KeBugCheckReasonCallbackListHead,0xf80c9c7c2850,WppRecorder1,-,-
0,KeBugCheckReasonCallbackListHead,0xf80c9c7c2850,WppRecorder1,-,-
0,KeBugCheckReasonCallbackListHead,0xf80c9c7c2850,WppRecorder1,-,-
0,KeBugCheckReasonCallbackListHead,0xf80c9c7c2850,WppRecorder1,-,-
0,KeBugCheckReasonCallbackListHead,0xf80c9c7c2850,WppRecorder1,-,-
0,KeBugCheckReasonCallbackListHead,0xf80c9c7c27f0,WppRecorder1,-,-
0,KeBugCheckReasonCallbackListHead,0xf80c9c7c2850,WppRecorder1,-,-
0,KeBugCheckReasonCallbackListHead,0xf80c9c7c27f0,WppRecorder1,-,-
0,KeBugCheckReasonCallbackListHead,0xf80c9c752c00,Wdf010001,-,-
0,KeBugCheckReasonCallbackListHead,0xf80c9c7c2850,WppRecorder1,-,-
0,KeBugCheckReasonCallbackListHead,0xf80c9c7c2850,WppRecorder1,-,-
0,KeBugCheckReasonCallbackListHead,0xf80c9c7c2850,WppRecorder1,-,-
0,KeBugCheckReasonCallbackListHead,0xf80c9c7c2850,WppRecorder1,-,-
0,KeBugCheckReasonCallbackListHead,0xf80c9c7c2850,WppRecorder1,-,-
0,KeBugCheckReasonCallbackListHead,0xf80c9c7c2850,WppRecorder1,-,-
0,KeBugCheckReasonCallbackListHead,0xf80c9c7c27f0,WppRecorder1,-,-
0,KeBugCheckReasonCallbackListHead,0xf80c9c7c2850,WppRecorder1,-,-
0,KeBugCheckReasonCallbackListHead,0xf80c9c7c27f0,WppRecorder1,-,-
0,KeBugCheckReasonCallbackListHead,0xf80c9d973630,crashdmp1,-,-
0,KeBugCheckReasonCallbackListHead,0xf80c9d9737c0,crashdmp1,-,-
0,KeBugCheckReasonCallbackListHead,0xf80c9c752c00,Wdf010001,-,-
0,KeBugCheckReasonCallbackListHead,0xf80c9c752c00,Wdf010001,-,-
0,KeBugCheckReasonCallbackListHead,0xf80c9c7c27f0,WppRecorder1,-,-
0,KeBugCheckReasonCallbackListHead,0xf80c9c7c2850,WppRecorder1,-,-
0,KeBugCheckReasonCallbackListHead,0xf80c9c7c27f0,WppRecorder1,-,-
0,KeBugCheckReasonCallbackListHead,0xf80c9c7c2850,WppRecorder1,-,-
0,KeBugCheckReasonCallbackListHead,0xf80c9c7c27f0,WppRecorder1,-,-
0,KeBugCheckReasonCallbackListHead,0xf80c9c7c2850,WppRecorder1,-,-
0,KeBugCheckReasonCallbackListHead,0xf80c9c7c27f0,WppRecorder1,-,-
0,KeBugCheckReasonCallbackListHead,0xf80c9c7c2850,WppRecorder1,-,-
0,KeBugCheckReasonCallbackListHead,0xf80c9c752c00,Wdf010001,-,-
0,KeBugCheckReasonCallbackListHead,0xf80c9c752c00,Wdf010001,-,-
0,KeBugCheckReasonCallbackListHead,0xf807359b29f0,mssmbios1,-,-
0,KeBugCheckReasonCallbackListHead,0xf807359b29a0,mssmbios1,-,-
0,KeBugCheckReasonCallbackListHead,0xf807359b2940,mssmbios1,-,-
0,KeBugCheckReasonCallbackListHead,0xf807359b28f0,mssmbios1,-,-
0,KeBugCheckReasonCallbackListHead,0xf80735b292c0,dxgkrnl1,-,-
0,KeBugCheckReasonCallbackListHead,0xf80c9c752c00,Wdf010001,-,-
0,KeBugCheckReasonCallbackListHead,0xf80c9c7c27f0,WppRecorder1,-,-
0,KeBugCheckReasonCallbackListHead,0xf80c9c7c2850,WppRecorder1,-,-
0,KeBugCheckReasonCallbackListHead,0xf80c9d0605c0,storport1,-,-
0,KeBugCheckReasonCallbackListHead,0xf80c9d916f00,CLASSPNP1,-,-
0,KeBugCheckReasonCallbackListHead,0xf80c9c752c00,Wdf010001,-,-
0,KeBugCheckReasonCallbackListHead,0xf80c9cd71de0,EC2WinUtilDriver1,-,-
0,KeBugCheckReasonCallbackListHead,0xf80c9c7c2850,WppRecorder1,-,-
0,KeBugCheckReasonCallbackListHead,0xf80c9c7c27f0,WppRecorder1,-,-
0,KeBugCheckReasonCallbackListHead,0xf80c9c7c2850,WppRecorder1,-,-
0,KeBugCheckReasonCallbackListHead,0xf80c9c752c00,Wdf010001,-,-
0,KeBugCheckReasonCallbackListHead,0xf80c9c752c00,Wdf010001,-,-
0,KeBugCheckReasonCallbackListHead,0xf80c9cfb2aa0,ataport1,-,-
0,KeBugCheckReasonCallbackListHead,0xf80c9cfb2990,ataport1,-,-
0,KeBugCheckReasonCallbackListHead,0xf80c9c7c27f0,WppRecorder1,-,-
0,KeBugCheckReasonCallbackListHead,0xf80c9c7c2850,WppRecorder1,-,-
0,KeBugCheckReasonCallbackListHead,0xf80c9c752c00,Wdf010001,-,-
0,KeBugCheckReasonCallbackListHead,0xf80c9c752c00,Wdf010001,-,-
0,KeBugCheckReasonCallbackListHead,0xf80c9c752c00,Wdf010001,-,-
0,KeBugCheckReasonCallbackListHead,0xf80c9c7c27f0,WppRecorder1,-,-
0,KeBugCheckReasonCallbackListHead,0xf80c9c7c2850,WppRecorder1,-,-
0,KeBugCheckReasonCallbackListHead,0xf80c9c7c2850,WppRecorder1,-,-
0,KeBugCheckReasonCallbackListHead,0xf80c9c752c00,Wdf010001,-,-
0,KeBugCheckReasonCallbackListHead,0xf80c9c7c27f0,WppRecorder1,-,-
0,KeBugCheckReasonCallbackListHead,0xf80c9c7c2850,WppRecorder1,-,-
0,KeBugCheckReasonCallbackListHead,0xf80c9c752eb0,Wdf010001,-,-
0,KeBugCheckReasonCallbackListHead,0xf80c9c7c27f0,WppRecorder1,-,-
0,KeBugCheckReasonCallbackListHead,0xf80c9c7c2850,WppRecorder1,-,-
0,KeBugCheckReasonCallbackListHead,0xf80c9c7c2850,WppRecorder1,-,-
0,KeBugCheckReasonCallbackListHead,0xf80c9c7c27f0,WppRecorder1,-,-
0,KeBugCheckReasonCallbackListHead,0xf80732db1910,ntoskrnl1,EtwpBugCheckMultiPartCallback,-
0,KeBugCheckReasonCallbackListHead,0xf80732d83be0,ntoskrnl1,PopBlackBoxBugcheckCallback,-
0,KeBugCheckReasonCallbackListHead,0xf80732d83be0,ntoskrnl1,PopBlackBoxBugcheckCallback,-
0,KeBugCheckReasonCallbackListHead,0xf80732d83be0,ntoskrnl1,PopBlackBoxBugcheckCallback,-
0,KeBugCheckReasonCallbackListHead,0xf80732d83be0,ntoskrnl1,PopBlackBoxBugcheckCallback,-
0,KeBugCheckReasonCallbackListHead,0xf80732d83be0,ntoskrnl1,PopBlackBoxBugcheckCallback,-
0,KeBugCheckReasonCallbackListHead,0xf80732d83be0,ntoskrnl1,PopBlackBoxBugcheckCallback,-
0,KeBugCheckReasonCallbackListHead,0xf80732d83be0,ntoskrnl1,PopBlackBoxBugcheckCallback,-
0,KeBugCheckReasonCallbackListHead,0xf80732d83be0,ntoskrnl1,PopBlackBoxBugcheckCallback,-
0,KeBugCheckReasonCallbackListHead,0xf80732d83be0,ntoskrnl1,PopBlackBoxBugcheckCallback,-
0,KeBugCheckReasonCallbackListHead,0xf80732d83be0,ntoskrnl1,PopBlackBoxBugcheckCallback,-
0,KeBugCheckReasonCallbackListHead,0xf80732d83be0,ntoskrnl1,PopBlackBoxBugcheckCallback,-
0,KeBugCheckReasonCallbackListHead,0xf80732d83be0,ntoskrnl1,PopBlackBoxBugcheckCallback,-
0,KeBugCheckReasonCallbackListHead,0xf80732d83be0,ntoskrnl1,PopBlackBoxBugcheckCallback,-
0,KeBugCheckReasonCallbackListHead,0xf80732d83be0,ntoskrnl1,PopBlackBoxBugcheckCallback,-
0,KeBugCheckReasonCallbackListHead,0xf80732d83be0,ntoskrnl1,PopBlackBoxBugcheckCallback,-
0,KeBugCheckReasonCallbackListHead,0xf80732d10740,ntoskrnl1,HvlpHvIdentityInfoCallback,-
0,CmRegisterCallbackEx,0xf80c9d286280,WdFilter1,-,Altitude: 425000

