TreeDepth,Offset,Order,PID,Start,State,Type,Name,Display,Binary
0,0x14b17be4790,549,1456,SERVICE_AUTO_START,SERVICE_RUNNING,SERVICE_WIN32_OWN_PROCESS|SERVICE_WIN32_SHARE_PROCESS,CDPUserSvc_a91f1,Connected Devices Platform User Service_a91f1,C:\Windows\system32\svchost.exe -k UnistackSvcGroup
0,0x14b17be47a0,548,N/A,SERVICE_DEMAND_START,SERVICE_STOPPED,SERVICE_WIN32_SHARE_PROCESS,cbdhsvc_a91f1,Clipboard User Service_a91f1,N/A
0,0x14b17a4ad90,547,N/A,SERVICE_DEMAND_START,SERVICE_STOPPED,SERVICE_WIN32_SHARE_PROCESS,CaptureService_a91f1,CaptureService_a91f1,N/A
0,0x14b17a3d590,546,N/A,SERVICE_DEMAND_START,SERVICE_RUNNING,SERVICE_KERNEL_DRIVER,xenvif,xenvif,\Driver\xenvif
0,0x14b17a27890,545,N/A,SERVICE_BOOT_START,SERVICE_RUNNING,SERVICE_KERNEL_DRIVER,xenvbd,xenvbd,\Driver\xenvbd
0,0x14b17a27590,544,N/A,SERVICE_DEMAND_START,SERVICE_RUNNING,SERVICE_KERNEL_DRIVER,xennet,xennet,\Driver\xennet
0,0x14b17a27090,543,N/A,SERVICE_DEMAND_START,SERVICE_RUNNING,SERVICE_KERNEL_DRIVER,xeniface,xeniface,\Driver\xeniface
0,0x14b17a27390,542,N/A,SERVICE_BOOT_START,SERVICE_RUNNING,SERVICE_KERNEL_DRIVER,xenfilt,xenfilt,\Driver\xenfilt
0,0x14b17a25f90,541,N/A,SERVICE_BOOT_START,SERVICE_RUNNING,SERVICE_KERNEL_DRIVER,xenbus,xenbus,\Driver\xenbus
0,0x14b17a26290,540,N/A,SERVICE_DEMAND_START,SERVICE_STOPPED,SERVICE_KERNEL_DRIVER,WUDFRd,WUDFRd,N/A
0,0x14b17a27190,539,N/A,SERVICE_DEMAND_START,SERVICE_STOPPED,SERVICE_KERNEL_DRIVER,WudfPf,WudfPf,N/A
0,0x14b17a26c90,538,N/A,SERVICE_DEMAND_START,SERVICE_STOPPED,SERVICE_WIN32_OWN_PROCESS|SERVICE_WIN32_SHARE_PROCESS,wuauserv,Windows Update,N/A
0,0x14b17a34370,537,N/A,SERVICE_DISABLED,SERVICE_STOPPED,SERVICE_WIN32_OWN_PROCESS,WSearch,Windows Search,N/A
0,0x14b17a34ed0,536,N/A,SERVICE_DISABLED,SERVICE_STOPPED,SERVICE_KERNEL_DRIVER,ws2ifsl,ws2ifsl,N/A
0,0x14b17a26190,535,N/A,SERVICE_AUTO_START,SERVICE_STOPPED,SERVICE_WIN32_SHARE_PROCESS,WpnUserService,Windows Push Notifications User Service,N/A
0,0x14b17a363f0,534,3036,SERVICE_AUTO_START,SERVICE_RUNNING,SERVICE_WIN32_OWN_PROCESS|SERVICE_WIN32_SHARE_PROCESS,WpnService,Windows Push Notifications System Service,C:\Windows\system32\svchost.exe -k netsvcs -p
0,0x14b17a33190,533,N/A,SERVICE_DEMAND_START,SERVICE_STOPPED,SERVICE_KERNEL_DRIVER,WpdUpFltr,WpdUpFltr,N/A
0,0x14b17a27290,532,N/A,SERVICE_DEMAND_START,SERVICE_STOPPED,SERVICE_WIN32_OWN_PROCESS|SERVICE_WIN32_SHARE_PROCESS,WPDBusEnum,Portable Device Enumerator Service,N/A
0,0x14b17a356f0,531,N/A,SERVICE_BOOT_START,SERVICE_RUNNING,SERVICE_FILE_SYSTEM_DRIVER,Wof,Wof,\FileSystem\Wof
0,0x14b17a26d90,530,N/A,SERVICE_DEMAND_START,SERVICE_STOPPED,SERVICE_WIN32_OWN_PROCESS,WMPNetworkSvc,Windows Media Player Network Sharing Service,N/A
0,0x14b17a33330,529,N/A,SERVICE_DEMAND_START,SERVICE_STOPPED,SERVICE_WIN32_OWN_PROCESS,wmiApSrv,WMI Performance Adapter,N/A
0,0x14b17a35f10,528,N/A,SERVICE_DEMAND_START,SERVICE_STOPPED,SERVICE_KERNEL_DRIVER,WmiAcpi,WmiAcpi,N/A
0,0x14b17a26a90,527,6484,SERVICE_DEMAND_START,SERVICE_RUNNING,SERVICE_WIN32_OWN_PROCESS|SERVICE_WIN32_SHARE_PROCESS,wlidsvc,Microsoft Account Sign-in Assistant,C:\Windows\system32\svchost.exe -k netsvcs -p
0,0x14b17a353b0,526,N/A,SERVICE_DISABLED,SERVICE_STOPPED,SERVICE_WIN32_SHARE_PROCESS,wisvc,Windows Insider Service,N/A
0,0x14b17a22530,525,N/A,SERVICE_DEMAND_START,SERVICE_STOPPED,SERVICE_KERNEL_DRIVER,WinVerbs,WinVerbs,N/A
0,0x14b17a26f90,524,N/A,SERVICE_DEMAND_START,SERVICE_STOPPED,SERVICE_KERNEL_DRIVER,WINUSB,WINUSB,N/A
0,0x14b17a27490,523,2964,SERVICE_AUTO_START,SERVICE_RUNNING,SERVICE_WIN32_OWN_PROCESS|SERVICE_WIN32_SHARE_PROCESS,WinRM,Windows Remote Management (WS-Management),C:\Windows\System32\svchost.exe -k NetworkService -p
0,0x14b17a21eb0,522,N/A,SERVICE_DEMAND_START,SERVICE_RUNNING,SERVICE_KERNEL_DRIVER,WinQuic,WinQuic,\Driver\WinQuic
0,0x14b17a25e90,521,N/A,SERVICE_DEMAND_START,SERVICE_STOPPED,SERVICE_KERNEL_DRIVER,WinNat,WinNat,N/A
0,0x14b17a26b90,520,2396,SERVICE_AUTO_START,SERVICE_RUNNING,SERVICE_WIN32_OWN_PROCESS|SERVICE_WIN32_SHARE_PROCESS,Winmgmt,Windows Management Instrumentation,C:\Windows\system32\svchost.exe -k netsvcs -p
0,0x14b17a23710,519,N/A,SERVICE_DEMAND_START,SERVICE_STOPPED,SERVICE_KERNEL_DRIVER,WinMad,WinMad,N/A
0,0x14b17a26090,518,6828,SERVICE_DEMAND_START,SERVICE_RUNNING,SERVICE_WIN32_OWN_PROCESS|SERVICE_WIN32_SHARE_PROCESS,WinHttpAutoProxySvc,WinHTTP Web Proxy Auto-Discovery Service,C:\Windows\system32\svchost.exe -k LocalServiceNetworkRestricted -p
0,0x14b17a22ef0,517,N/A,SERVICE_BOOT_START,SERVICE_RUNNING,SERVICE_KERNEL_DRIVER,WindowsTrustedRTProxy,WindowsTrustedRTProxy,\Driver\WindowsTrustedRTProxy
0,0x14b17a26890,516,N/A,SERVICE_BOOT_START,SERVICE_RUNNING,SERVICE_KERNEL_DRIVER,WindowsTrustedRT,WindowsTrustedRT,\Driver\WindowsTrustedRT
0,0x14b17a26990,515,2992,SERVICE_AUTO_START,SERVICE_RUNNING,SERVICE_WIN32_OWN_PROCESS,WinDefend,Windows Defender Antivirus Service,"""C:\ProgramData\Microsoft\Windows Defender\platform\4.18.2102.4-0\MsMpEng.exe"""
0,0x14b17a22d50,514,N/A,SERVICE_DEMAND_START,SERVICE_STOPPED,SERVICE_FILE_SYSTEM_DRIVER,WIMMount,WIMMount,N/A
0,0x14b17a17d30,513,N/A,SERVICE_DEMAND_START,SERVICE_STOPPED,SERVICE_WIN32_SHARE_PROCESS,WiaRpc,Still Image Acquisition Events,N/A
0,0x14b17a21b70,512,N/A,SERVICE_BOOT_START,SERVICE_RUNNING,SERVICE_KERNEL_DRIVER,WFPLWFS,WFPLWFS,\Driver\WFPLWFS
0,0x14b17a17c30,511,N/A,SERVICE_DEMAND_START,SERVICE_STOPPED,SERVICE_WIN32_OWN_PROCESS,WerSvc,Windows Error Reporting Service,N/A
0,0x14b17a22390,510,N/A,SERVICE_DEMAND_START,SERVICE_STOPPED,SERVICE_WIN32_SHARE_PROCESS,wercplsupport,Problem Reports and Solutions Control Panel Support,N/A
0,0x14b17a22050,509,N/A,SERVICE_DEMAND_START,SERVICE_STOPPED,SERVICE_WIN32_SHARE_PROCESS,WEPHOSTSVC,Windows Encryption Provider Host Service,N/A
0,0x14b17a23090,508,N/A,SERVICE_DEMAND_START,SERVICE_STOPPED,SERVICE_WIN32_SHARE_PROCESS,Wecsvc,Windows Event Collector,N/A
0,0x14b17a22bb0,507,3904,SERVICE_DEMAND_START,SERVICE_RUNNING,SERVICE_WIN32_OWN_PROCESS,WdNisSvc,Windows Defender Antivirus Network Inspection Service,"""C:\ProgramData\Microsoft\Windows Defender\platform\4.18.2102.4-0\NisSrv.exe"""
0,0x14b17a233d0,506,N/A,SERVICE_DEMAND_START,SERVICE_RUNNING,SERVICE_KERNEL_DRIVER,WdNisDrv,Windows Defender Antivirus Network Inspection System Driver,\Driver\WdNisDrv
0,0x14b17a17b30,505,N/A,SERVICE_DEMAND_START,SERVICE_STOPPED,SERVICE_KERNEL_DRIVER,WdmCompanionFilter,WdmCompanionFilter,N/A
0,0x14b17a19a30,504,N/A,SERVICE_DEMAND_START,SERVICE_STOPPED,SERVICE_WIN32_OWN_PROCESS|SERVICE_WIN32_SHARE_PROCESS,WdiSystemHost,Diagnostic System Host,N/A
0,0x14b17a221f0,503,N/A,SERVICE_DEMAND_START,SERVICE_STOPPED,SERVICE_WIN32_SHARE_PROCESS,WdiServiceHost,Diagnostic Service Host,N/A
0,0x14b17a23570,502,N/A,SERVICE_BOOT_START,SERVICE_RUNNING,SERVICE_FILE_SYSTEM_DRIVER,WdFilter,WdFilter,\FileSystem\WdFilter
0,0x14b17a19830,501,N/A,SERVICE_BOOT_START,SERVICE_RUNNING,SERVICE_KERNEL_DRIVER,Wdf01000,Wdf01000,\Driver\Wdf01000
0,0x14b17a17a30,500,N/A,SERVICE_BOOT_START,SERVICE_STOPPED,SERVICE_KERNEL_DRIVER,WdBoot,WdBoot,N/A
0,0x14b17a17930,499,N/A,SERVICE_DEMAND_START,SERVICE_STOPPED,SERVICE_FILE_SYSTEM_DRIVER,wcnfs,wcnfs,N/A
0,0x14b17a19730,498,1924,SERVICE_AUTO_START,SERVICE_RUNNING,SERVICE_WIN32_OWN_PROCESS,Wcmsvc,Windows Connection Manager,C:\Windows\system32\svchost.exe -k LocalServiceNetworkRestricted -p
0,0x14b17a226d0,497,N/A,SERVICE_AUTO_START,SERVICE_RUNNING,SERVICE_FILE_SYSTEM_DRIVER,wcifs,wcifs,\FileSystem\wcifs
0,0x14b17a19630,496,N/A,SERVICE_DEMAND_START,SERVICE_STOPPED,SERVICE_WIN32_SHARE_PROCESS,WbioSrvc,Windows Biometric Service,N/A
0,0x14b17a22870,495,N/A,SERVICE_DEMAND_START,SERVICE_STOPPED,SERVICE_WIN32_OWN_PROCESS,WarpJITSvc,WarpJITSvc,N/A
0,0x14b17a219d0,494,N/A,SERVICE_DEMAND_START,SERVICE_STOPPED,SERVICE_KERNEL_DRIVER,wanarpv6,wanarpv6,N/A
0,0x14b17a1b130,493,N/A,SERVICE_AUTO_START,SERVICE_RUNNING,SERVICE_KERNEL_DRIVER,wanarp,wanarp,\Driver\wanarp
0,0x14b17a19530,492,N/A,SERVICE_DISABLED,SERVICE_STOPPED,SERVICE_WIN32_SHARE_PROCESS,WalletService,WalletService,N/A
0,0x14b17a21d10,491,N/A,SERVICE_DEMAND_START,SERVICE_STOPPED,SERVICE_KERNEL_DRIVER,WacomPen,WacomPen,N/A
0,0x14b17a19430,490,N/A,SERVICE_DEMAND_START,SERVICE_STOPPED,SERVICE_WIN32_OWN_PROCESS|SERVICE_WIN32_SHARE_PROCESS,WaaSMedicSvc,Windows Update Medic Service,N/A
0,0x14b17a23230,489,1180,SERVICE_AUTO_START,SERVICE_RUNNING,SERVICE_WIN32_OWN_PROCESS|SERVICE_WIN32_SHARE_PROCESS,W32Time,Windows Time,C:\Windows\system32\svchost.exe -k LocalService
0,0x14b17a22a10,488,N/A,SERVICE_DEMAND_START,SERVICE_STOPPED,SERVICE_KERNEL_DRIVER,vxn,vxn,N/A
0,0x14b17a19930,487,N/A,SERVICE_DEMAND_START,SERVICE_STOPPED,SERVICE_KERNEL_DRIVER,vwifibus,vwifibus,N/A
0,0x14b17a1b030,486,N/A,SERVICE_DEMAND_START,SERVICE_STOPPED,SERVICE_KERNEL_DRIVER,VSTXRAID,VSTXRAID,N/A
0,0x14b17a1ad30,485,N/A,SERVICE_DEMAND_START,SERVICE_STOPPED,SERVICE_WIN32_OWN_PROCESS,VSS,Volume Shadow Copy,N/A
0,0x14b17a1b840,484,N/A,SERVICE_DEMAND_START,SERVICE_STOPPED,SERVICE_KERNEL_DRIVER,vsmraid,vsmraid,N/A
0,0x14b17a1a430,483,N/A,SERVICE_DEMAND_START,SERVICE_STOPPED,SERVICE_KERNEL_DRIVER,vpci,vpci,N/A
0,0x14b17a17830,482,N/A,SERVICE_BOOT_START,SERVICE_RUNNING,SERVICE_KERNEL_DRIVER,volume,volume,\Driver\volume
0,0x14b17a1a030,481,N/A,SERVICE_BOOT_START,SERVICE_RUNNING,SERVICE_KERNEL_DRIVER,volsnap,volsnap,\Driver\volsnap
0,0x14b17a19d30,480,N/A,SERVICE_BOOT_START,SERVICE_RUNNING,SERVICE_KERNEL_DRIVER,volmgrx,volmgrx,\Driver\volmgrx
0,0x14b17a1a330,479,N/A,SERVICE_BOOT_START,SERVICE_RUNNING,SERVICE_KERNEL_DRIVER,volmgr,volmgr,\Driver\volmgr
0,0x14b17a1af30,478,N/A,SERVICE_DEMAND_START,SERVICE_STOPPED,SERVICE_WIN32_SHARE_PROCESS,vmicvss,Hyper-V Volume Shadow Copy Requestor,N/A
0,0x14b17a1d3e0,477,N/A,SERVICE_DEMAND_START,SERVICE_STOPPED,SERVICE_WIN32_SHARE_PROCESS,vmicvmsession,Hyper-V PowerShell Direct Service,N/A
0,0x14b17a1cf00,476,N/A,SERVICE_DEMAND_START,SERVICE_STOPPED,SERVICE_WIN32_SHARE_PROCESS,vmictimesync,Hyper-V Time Synchronization Service,N/A
0,0x14b17a1cd60,475,N/A,SERVICE_DEMAND_START,SERVICE_STOPPED,SERVICE_WIN32_SHARE_PROCESS,vmicshutdown,Hyper-V Guest Shutdown Service,N/A
0,0x14b17a1cbc0,474,N/A,SERVICE_DEMAND_START,SERVICE_STOPPED,SERVICE_WIN32_SHARE_PROCESS,vmicrdv,Hyper-V Remote Desktop Virtualization Service,N/A
0,0x14b17a1ca20,473,N/A,SERVICE_DEMAND_START,SERVICE_STOPPED,SERVICE_WIN32_SHARE_PROCESS,vmickvpexchange,Hyper-V Data Exchange Service,N/A
0,0x14b17a1d240,472,N/A,SERVICE_DEMAND_START,SERVICE_STOPPED,SERVICE_WIN32_SHARE_PROCESS,vmicheartbeat,Hyper-V Heartbeat Service,N/A
0,0x14b17a1bd20,471,N/A,SERVICE_DEMAND_START,SERVICE_STOPPED,SERVICE_WIN32_SHARE_PROCESS,vmicguestinterface,Hyper-V Guest Service Interface,N/A
0,0x14b17a1bec0,470,N/A,SERVICE_DEMAND_START,SERVICE_STOPPED,SERVICE_KERNEL_DRIVER,vmgid,vmgid,N/A
0,0x14b17a1ab30,469,N/A,SERVICE_DEMAND_START,SERVICE_STOPPED,SERVICE_KERNEL_DRIVER,VMBusHID,VMBusHID,N/A
0,0x14b17a1a730,468,N/A,SERVICE_DEMAND_START,SERVICE_STOPPED,SERVICE_KERNEL_DRIVER,vmbus,vmbus,N/A
0,0x14b17a18e30,467,N/A,SERVICE_DEMAND_START,SERVICE_STOPPED,SERVICE_KERNEL_DRIVER,vhf,vhf,N/A
0,0x14b17a1b530,466,N/A,SERVICE_DEMAND_START,SERVICE_STOPPED,SERVICE_KERNEL_DRIVER,vhdmp,vhdmp,N/A
0,0x14b17a19130,465,N/A,SERVICE_DISABLED,SERVICE_STOPPED,SERVICE_KERNEL_DRIVER,VerifierExt,VerifierExt,N/A
0,0x14b17a1aa30,464,N/A,SERVICE_DEMAND_START,SERVICE_STOPPED,SERVICE_WIN32_OWN_PROCESS,vds,Virtual Disk,N/A
0,0x14b17a1d0a0,463,N/A,SERVICE_BOOT_START,SERVICE_RUNNING,SERVICE_KERNEL_DRIVER,vdrvroot,vdrvroot,\Driver\vdrvroot
0,0x14b17a18c30,462,N/A,SERVICE_DEMAND_START,SERVICE_STOPPED,SERVICE_WIN32_SHARE_PROCESS,VaultSvc,Credential Manager,N/A
0,0x14b17a1c200,461,1524,SERVICE_AUTO_START,SERVICE_RUNNING,SERVICE_WIN32_OWN_PROCESS|SERVICE_WIN32_SHARE_PROCESS,UsoSvc,Update Orchestrator Service,C:\Windows\system32\svchost.exe -k netsvcs -p
0,0x14b17a1b9e0,460,2336,SERVICE_AUTO_START,SERVICE_RUNNING,SERVICE_WIN32_OWN_PROCESS|SERVICE_WIN32_SHARE_PROCESS,UserManager,User Manager,C:\Windows\system32\svchost.exe -k netsvcs -p
0,0x14b17a1c3a0,459,N/A,SERVICE_DEMAND_START,SERVICE_STOPPED,SERVICE_WIN32_SHARE_PROCESS,UserDataSvc,User Data Access,N/A
0,0x14b17a1c540,458,N/A,SERVICE_DEMAND_START,SERVICE_STOPPED,SERVICE_KERNEL_DRIVER,USBXHCI,USBXHCI,N/A
0,0x14b17a1a230,457,N/A,SERVICE_DEMAND_START,SERVICE_STOPPED,SERVICE_KERNEL_DRIVER,usbuhci,usbuhci,N/A
0,0x14b17a1a630,456,N/A,SERVICE_DEMAND_START,SERVICE_STOPPED,SERVICE_KERNEL_DRIVER,USBSTOR,USBSTOR,N/A
0,0x14b17a1a930,455,N/A,SERVICE_DEMAND_START,SERVICE_STOPPED,SERVICE_KERNEL_DRIVER,usbser,usbser,N/A
0,0x14b17a1b630,454,N/A,SERVICE_DEMAND_START,SERVICE_STOPPED,SERVICE_KERNEL_DRIVER,usbprint,usbprint,N/A
0,0x14b17a19e30,453,N/A,SERVICE_DEMAND_START,SERVICE_STOPPED,SERVICE_KERNEL_DRIVER,usbohci,usbohci,N/A
0,0x14b17a19b30,452,N/A,SERVICE_DEMAND_START,SERVICE_STOPPED,SERVICE_KERNEL_DRIVER,USBHUB3,USBHUB3,N/A
0,0x14b17a18b30,451,N/A,SERVICE_DEMAND_START,SERVICE_STOPPED,SERVICE_KERNEL_DRIVER,usbhub,usbhub,N/A
0,0x14b17a1b330,450,N/A,SERVICE_DEMAND_START,SERVICE_STOPPED,SERVICE_KERNEL_DRIVER,usbehci,usbehci,N/A
0,0x14b17a18530,449,N/A,SERVICE_DEMAND_START,SERVICE_STOPPED,SERVICE_KERNEL_DRIVER,usbccgp,usbccgp,N/A
0,0x14b17a1a530,448,N/A,SERVICE_DEMAND_START,SERVICE_STOPPED,SERVICE_KERNEL_DRIVER,UrsSynopsys,UrsSynopsys,N/A
0,0x14b17a18a30,447,N/A,SERVICE_DEMAND_START,SERVICE_STOPPED,SERVICE_KERNEL_DRIVER,UrsCx01000,UrsCx01000,N/A
0,0x14b17a1ac30,446,N/A,SERVICE_DEMAND_START,SERVICE_STOPPED,SERVICE_KERNEL_DRIVER,UrsChipidea,UrsChipidea,N/A
0,0x14b17a1b230,445,N/A,SERVICE_DISABLED,SERVICE_STOPPED,SERVICE_WIN32_SHARE_PROCESS,upnphost,UPnP Device Host,N/A
0,0x14b17a1c6e0,444,N/A,SERVICE_DEMAND_START,SERVICE_STOPPED,SERVICE_WIN32_SHARE_PROCESS,UnistoreSvc,User Data Storage,N/A
0,0x14b17a1c880,443,2004,SERVICE_DEMAND_START,SERVICE_RUNNING,SERVICE_WIN32_OWN_PROCESS|SERVICE_WIN32_SHARE_PROCESS,UmRdpService,Remote Desktop Services UserMode Port Redirector,C:\Windows\System32\svchost.exe -k LocalSystemNetworkRestricted -p
0,0x14b17a1bb80,442,N/A,SERVICE_DEMAND_START,SERVICE_STOPPED,SERVICE_KERNEL_DRIVER,UmPass,UmPass,N/A
0,0x14b17a19030,441,N/A,SERVICE_DEMAND_START,SERVICE_RUNNING,SERVICE_KERNEL_DRIVER,umbus,umbus,\Driver\umbus
0,0x14b17a1a130,440,N/A,SERVICE_DEMAND_START,SERVICE_STOPPED,SERVICE_KERNEL_DRIVER,ufxsynopsys,ufxsynopsys,N/A
0,0x14b17a18830,439,N/A,SERVICE_DEMAND_START,SERVICE_STOPPED,SERVICE_KERNEL_DRIVER,UfxChipidea,UfxChipidea,N/A
0,0x14b17a19330,438,N/A,SERVICE_DEMAND_START,SERVICE_STOPPED,SERVICE_KERNEL_DRIVER,Ufx01000,Ufx01000,N/A
0,0x14b17a1b430,437,N/A,SERVICE_DISABLED,SERVICE_STOPPED,SERVICE_WIN32_OWN_PROCESS,UevAgentService,User Experience Virtualization Service,N/A
0,0x14b17a1d580,436,N/A,SERVICE_DISABLED,SERVICE_STOPPED,SERVICE_FILE_SYSTEM_DRIVER,UevAgentDriver,UevAgentDriver,N/A
0,0x14b17a18430,435,N/A,SERVICE_DEMAND_START,SERVICE_STOPPED,SERVICE_KERNEL_DRIVER,UEFI,UEFI,N/A
0,0x14b17a17f30,434,N/A,SERVICE_DISABLED,SERVICE_STOPPED,SERVICE_FILE_SYSTEM_DRIVER,udfs,udfs,N/A
0,0x14b17a1ae30,433,N/A,SERVICE_DEMAND_START,SERVICE_STOPPED,SERVICE_KERNEL_DRIVER,UdeCx,UdeCx,N/A
0,0x14b17a1a830,432,N/A,SERVICE_DEMAND_START,SERVICE_STOPPED,SERVICE_KERNEL_DRIVER,Ucx01000,Ucx01000,N/A
0,0x14b17a18730,431,N/A,SERVICE_DEMAND_START,SERVICE_STOPPED,SERVICE_KERNEL_DRIVER,UcmUcsiCx0101,UcmUcsiCx0101,N/A
0,0x14b17a18330,430,N/A,SERVICE_DEMAND_START,SERVICE_STOPPED,SERVICE_KERNEL_DRIVER,UcmUcsiAcpiClient,UcmUcsiAcpiClient,N/A
0,0x14b17a19f30,429,N/A,SERVICE_DEMAND_START,SERVICE_STOPPED,SERVICE_KERNEL_DRIVER,UcmUcsi,UcmUcsi,N/A
0,0x14b17a18930,428,N/A,SERVICE_DEMAND_START,SERVICE_STOPPED,SERVICE_KERNEL_DRIVER,UcmTcpciCx0101,UcmTcpciCx0101,N/A
0,0x14b17a18f30,427,N/A,SERVICE_DEMAND_START,SERVICE_STOPPED,SERVICE_KERNEL_DRIVER,UcmCx0101,UcmCx0101,N/A
0,0x14b17a18130,426,N/A,SERVICE_DEMAND_START,SERVICE_STOPPED,SERVICE_KERNEL_DRIVER,UASPStor,UASPStor,N/A
0,0x14b17a18230,425,4012,SERVICE_AUTO_START,SERVICE_RUNNING,SERVICE_WIN32_OWN_PROCESS|SERVICE_WIN32_SHARE_PROCESS,UALSVC,User Access Logging Service,C:\Windows\system32\svchost.exe -k LocalSystemNetworkRestricted -p
0,0x14b17a1c060,424,N/A,SERVICE_DISABLED,SERVICE_STOPPED,SERVICE_WIN32_SHARE_PROCESS,tzautoupdate,Auto Time Zone Updater,N/A
0,0x14b17a0f370,423,N/A,SERVICE_DEMAND_START,SERVICE_STOPPED,SERVICE_KERNEL_DRIVER,tunnel,tunnel,N/A
0,0x14b17a19230,422,N/A,SERVICE_DEMAND_START,SERVICE_STOPPED,SERVICE_KERNEL_DRIVER,tsusbhub,tsusbhub,N/A
0,0x14b17a18630,421,N/A,SERVICE_DEMAND_START,SERVICE_STOPPED,SERVICE_KERNEL_DRIVER,TsUsbGD,TsUsbGD,N/A
0,0x14b17a18d30,420,N/A,SERVICE_DEMAND_START,SERVICE_STOPPED,SERVICE_KERNEL_DRIVER,TsUsbFlt,TsUsbFlt,N/A
0,0x14b17a18030,419,N/A,SERVICE_DEMAND_START,SERVICE_STOPPED,SERVICE_WIN32_OWN_PROCESS,TrustedInstaller,Windows Modules Installer,N/A
0,0x14b17a0f1d0,418,2956,SERVICE_AUTO_START,SERVICE_RUNNING,SERVICE_WIN32_OWN_PROCESS|SERVICE_WIN32_SHARE_PROCESS,TrkWks,Distributed Link Tracking Client,C:\Windows\System32\svchost.exe -k LocalSystemNetworkRestricted -p
0,0x14b17a10f10,417,N/A,SERVICE_DEMAND_START,SERVICE_STOPPED,SERVICE_KERNEL_DRIVER,TPM,TPM,N/A
0,0x14b17a19c30,416,1688,SERVICE_DEMAND_START,SERVICE_RUNNING,SERVICE_WIN32_OWN_PROCESS|SERVICE_WIN32_SHARE_PROCESS,TokenBroker,Web Account Manager,C:\Windows\system32\svchost.exe -k netsvcs -p
0,0x14b17a10d70,415,1192,SERVICE_DEMAND_START,SERVICE_RUNNING,SERVICE_WIN32_OWN_PROCESS|SERVICE_WIN32_SHARE_PROCESS,TimeBrokerSvc,Time Broker,C:\Windows\system32\svchost.exe -k LocalServiceNetworkRestricted -p
0,0x14b17a10890,414,N/A,SERVICE_DEMAND_START,SERVICE_STOPPED,SERVICE_WIN32_OWN_PROCESS,TieringEngineService,Storage Tiers Management,N/A
0,0x14b17a106f0,413,1712,SERVICE_AUTO_START,SERVICE_RUNNING,SERVICE_WIN32_OWN_PROCESS|SERVICE_WIN32_SHARE_PROCESS,Themes,Themes,C:\Windows\System32\svchost.exe -k netsvcs -p
0,0x14b17a10550,412,1092,SERVICE_DEMAND_START,SERVICE_RUNNING,SERVICE_WIN32_OWN_PROCESS|SERVICE_WIN32_SHARE_PROCESS,TermService,Remote Desktop Services,C:\Windows\System32\svchost.exe -k termsvcs
0,0x14b17a10070,411,N/A,SERVICE_DEMAND_START,SERVICE_RUNNING,SERVICE_KERNEL_DRIVER,terminpt,terminpt,\Driver\terminpt
0,0x14b17a17e30,410,N/A,SERVICE_SYSTEM_START,SERVICE_RUNNING,SERVICE_KERNEL_DRIVER,tdx,tdx,\Driver\tdx
0,0x14b17a0d370,409,N/A,SERVICE_AUTO_START,SERVICE_RUNNING,SERVICE_KERNEL_DRIVER,tcpipreg,tcpipreg,\Driver\tcpipreg
0,0x14b17a0d470,408,N/A,SERVICE_DEMAND_START,SERVICE_STOPPED,SERVICE_KERNEL_DRIVER,Tcpip6,Tcpip6,N/A
0,0x14b17a0d070,407,N/A,SERVICE_BOOT_START,SERVICE_RUNNING,SERVICE_KERNEL_DRIVER,Tcpip,Tcpip,\Driver\Tcpip
0,0x14b17a0be70,406,N/A,SERVICE_DEMAND_START,SERVICE_STOPPED,SERVICE_WIN32_SHARE_PROCESS,tapisrv,Telephony,N/A
0,0x14b17a0fed0,405,4128,SERVICE_DEMAND_START,SERVICE_RUNNING,SERVICE_WIN32_OWN_PROCESS|SERVICE_WIN32_SHARE_PROCESS,TabletInputService,Touch Keyboard and Handwriting Panel Service,C:\Windows\System32\svchost.exe -k LocalSystemNetworkRestricted -p
0,0x14b17a0fd30,404,928,SERVICE_AUTO_START,SERVICE_RUNNING,SERVICE_WIN32_SHARE_PROCESS,SystemEventsBroker,System Events Broker,C:\Windows\system32\svchost.exe -k DcomLaunch -p
0,0x14b17a0fb90,403,2896,SERVICE_AUTO_START,SERVICE_RUNNING,SERVICE_WIN32_OWN_PROCESS|SERVICE_WIN32_SHARE_PROCESS,SysMain,SysMain,C:\Windows\system32\svchost.exe -k LocalSystemNetworkRestricted -p
0,0x14b17a0f510,402,N/A,SERVICE_DEMAND_START,SERVICE_STOPPED,SERVICE_KERNEL_DRIVER,Synth3dVsc,Synth3dVsc,N/A
0,0x14b17a0dc70,401,N/A,SERVICE_DEMAND_START,SERVICE_STOPPED,SERVICE_WIN32_OWN_PROCESS,swprv,Microsoft Software Shadow Copy Provider,N/A
0,0x14b17a0f9f0,400,N/A,SERVICE_DEMAND_START,SERVICE_RUNNING,SERVICE_KERNEL_DRIVER,swenum,swenum,\Driver\swenum
0,0x14b17a0d170,399,N/A,SERVICE_DEMAND_START,SERVICE_STOPPED,SERVICE_WIN32_SHARE_PROCESS,svsvc,Spot Verifier,N/A
0,0x14b17a0f850,398,N/A,SERVICE_DEMAND_START,SERVICE_STOPPED,SERVICE_KERNEL_DRIVER,storvsc,storvsc,N/A
0,0x14b17a0db70,397,N/A,SERVICE_DEMAND_START,SERVICE_STOPPED,SERVICE_KERNEL_DRIVER,storufs,storufs,N/A
0,0x14b17a0d570,396,4292,SERVICE_DEMAND_START,SERVICE_RUNNING,SERVICE_WIN32_OWN_PROCESS|SERVICE_WIN32_SHARE_PROCESS,StorSvc,Storage Service,C:\Windows\System32\svchost.exe -k LocalSystemNetworkRestricted -p
0,0x14b17a0f6b0,395,N/A,SERVICE_AUTO_START,SERVICE_RUNNING,SERVICE_FILE_SYSTEM_DRIVER,storqosflt,storqosflt,\FileSystem\storqosflt
0,0x14b17a0da70,394,N/A,SERVICE_DEMAND_START,SERVICE_STOPPED,SERVICE_KERNEL_DRIVER,stornvme,stornvme,N/A
0,0x14b17a0d970,393,N/A,SERVICE_DEMAND_START,SERVICE_STOPPED,SERVICE_KERNEL_DRIVER,storflt,storflt,N/A
0,0x14b17a0cd70,392,N/A,SERVICE_DEMAND_START,SERVICE_STOPPED,SERVICE_KERNEL_DRIVER,storahci,storahci,N/A
0,0x14b17a0cc70,391,N/A,SERVICE_DEMAND_START,SERVICE_STOPPED,SERVICE_WIN32_OWN_PROCESS,stisvc,Windows Image Acquisition (WIA),N/A
0,0x14b17a10bd0,390,N/A,SERVICE_DEMAND_START,SERVICE_STOPPED,SERVICE_KERNEL_DRIVER,stexstor,stexstor,N/A
0,0x14b17a0ce70,389,1328,SERVICE_DEMAND_START,SERVICE_RUNNING,SERVICE_WIN32_OWN_PROCESS|SERVICE_WIN32_SHARE_PROCESS,StateRepository,State Repository Service,C:\Windows\system32\svchost.exe -k appmodel -p
0,0x14b17a103b0,388,2848,SERVICE_DEMAND_START,SERVICE_RUNNING,SERVICE_WIN32_OWN_PROCESS|SERVICE_WIN32_SHARE_PROCESS,SstpSvc,Secure Socket Tunneling Protocol Service,C:\Windows\system32\svchost.exe -k LocalService -p
0,0x14b17a10210,387,N/A,SERVICE_DISABLED,SERVICE_STOPPED,SERVICE_WIN32_OWN_PROCESS,ssh-agent,OpenSSH Authentication Agent,N/A
0,0x14b17a10a30,386,N/A,SERVICE_DISABLED,SERVICE_STOPPED,SERVICE_WIN32_SHARE_PROCESS,SSDPSRV,SSDP Discovery,N/A
0,0x14b17a0a6c0,385,N/A,SERVICE_DEMAND_START,SERVICE_RUNNING,SERVICE_FILE_SYSTEM_DRIVER,srvnet,srvnet,\FileSystem\srvnet
0,0x14b17a0d870,384,N/A,SERVICE_DEMAND_START,SERVICE_RUNNING,SERVICE_FILE_SYSTEM_DRIVER,srv2,srv2,\FileSystem\srv2
0,0x14b17a0cb70,383,N/A,SERVICE_AUTO_START,SERVICE_STOPPED,SERVICE_WIN32_OWN_PROCESS,sppsvc,Software Protection,N/A
0,0x14b17a0a520,382,2588,SERVICE_AUTO_START,SERVICE_RUNNING,SERVICE_WIN32_OWN_PROCESS|SERVICE_INTERACTIVE_PROCESS,Spooler,Print Spooler,C:\Windows\System32\spoolsv.exe
0,0x14b17a0a1e0,381,N/A,SERVICE_DEMAND_START,SERVICE_STOPPED,SERVICE_KERNEL_DRIVER,SpbCx,SpbCx,N/A
0,0x14b17a0cf70,380,N/A,SERVICE_BOOT_START,SERVICE_RUNNING,SERVICE_KERNEL_DRIVER,spaceport,spaceport,\Driver\spaceport
0,0x14b17a0c970,379,N/A,SERVICE_DEMAND_START,SERVICE_STOPPED,SERVICE_WIN32_OWN_PROCESS,SNMPTRAP,SNMP Trap,N/A
0,0x14b17a0a040,378,N/A,SERVICE_DEMAND_START,SERVICE_STOPPED,SERVICE_WIN32_OWN_PROCESS,smphost,Microsoft Storage Spaces SMP,N/A
0,0x14b17a08e60,377,N/A,SERVICE_DEMAND_START,SERVICE_STOPPED,SERVICE_FILE_SYSTEM_DRIVER,smbdirect,smbdirect,N/A
0,0x14b17a0c870,376,N/A,SERVICE_DEMAND_START,SERVICE_STOPPED,SERVICE_KERNEL_DRIVER,SmartSAMD,SmartSAMD,N/A
0,0x14b17a0c770,375,N/A,SERVICE_DEMAND_START,SERVICE_STOPPED,SERVICE_KERNEL_DRIVER,SiSRaid4,SiSRaid4,N/A
0,0x14b17a0c570,374,N/A,SERVICE_DEMAND_START,SERVICE_STOPPED,SERVICE_KERNEL_DRIVER,SiSRaid2,SiSRaid2,N/A
0,0x14b17a0c270,373,N/A,SERVICE_DISABLED,SERVICE_STOPPED,SERVICE_WIN32_SHARE_PROCESS,shpamsvc,Shared PC Account Manager,N/A
0,0x14b17a09ea0,372,2032,SERVICE_AUTO_START,SERVICE_RUNNING,SERVICE_WIN32_OWN_PROCESS|SERVICE_WIN32_SHARE_PROCESS,ShellHWDetection,Shell Hardware Detection,C:\Windows\System32\svchost.exe -k netsvcs -p
0,0x14b17a08cc0,371,N/A,SERVICE_DISABLED,SERVICE_STOPPED,SERVICE_WIN32_SHARE_PROCESS,SharedAccess,Internet Connection Sharing (ICS),N/A
0,0x14b17a0a380,370,N/A,SERVICE_DEMAND_START,SERVICE_STOPPED,SERVICE_WIN32_OWN_PROCESS,SgrmBroker,System Guard Runtime Monitor Broker,N/A
0,0x14b17a09d00,369,N/A,SERVICE_BOOT_START,SERVICE_RUNNING,SERVICE_KERNEL_DRIVER,SgrmAgent,SgrmAgent,\Driver\SgrmAgent
0,0x14b17a0c070,368,N/A,SERVICE_DEMAND_START,SERVICE_STOPPED,SERVICE_KERNEL_DRIVER,sfloppy,sfloppy,N/A
0,0x14b17a0ca70,367,2456,SERVICE_DEMAND_START,SERVICE_RUNNING,SERVICE_WIN32_OWN_PROCESS|SERVICE_WIN32_SHARE_PROCESS,SessionEnv,Remote Desktop Configuration,C:\Windows\System32\svchost.exe -k netsvcs -p
0,0x14b17a091a0,366,N/A,SERVICE_DEMAND_START,SERVICE_STOPPED,SERVICE_KERNEL_DRIVER,sermouse,sermouse,N/A
0,0x14b17a0c370,365,N/A,SERVICE_DEMAND_START,SERVICE_RUNNING,SERVICE_KERNEL_DRIVER,Serial,Serial,\Driver\Serial
0,0x14b17a0c170,364,N/A,SERVICE_DEMAND_START,SERVICE_RUNNING,SERVICE_KERNEL_DRIVER,Serenum,Serenum,\Driver\Serenum
0,0x14b17a0bf70,363,N/A,SERVICE_DEMAND_START,SERVICE_STOPPED,SERVICE_KERNEL_DRIVER,SerCx2,SerCx2,N/A
0,0x14b17a0c670,362,N/A,SERVICE_DEMAND_START,SERVICE_STOPPED,SERVICE_KERNEL_DRIVER,SerCx,SerCx,N/A
0,0x14b17a0d270,361,N/A,SERVICE_DEMAND_START,SERVICE_STOPPED,SERVICE_WIN32_SHARE_PROCESS,SensrSvc,Sensor Monitoring Service,N/A
0,0x14b17a099c0,360,N/A,SERVICE_DEMAND_START,SERVICE_STOPPED,SERVICE_WIN32_SHARE_PROCESS,SensorService,Sensor Service,N/A
0,0x14b17a09680,359,N/A,SERVICE_DISABLED,SERVICE_STOPPED,SERVICE_WIN32_OWN_PROCESS,SensorDataService,Sensor Data Service,N/A
0,0x14b17a0aa00,358,N/A,SERVICE_DEMAND_START,SERVICE_STOPPED,SERVICE_WIN32_OWN_PROCESS,Sense,Windows Defender Advanced Threat Protection Service,N/A
0,0x14b17a094e0,357,1824,SERVICE_AUTO_START,SERVICE_RUNNING,SERVICE_WIN32_OWN_PROCESS|SERVICE_WIN32_SHARE_PROCESS,SENS,System Event Notification Service,C:\Windows\system32\svchost.exe -k netsvcs -p
0,0x14b17a09340,356,N/A,SERVICE_DISABLED,SERVICE_STOPPED,SERVICE_WIN32_OWN_PROCESS,SEMgrSvc,Payments and NFC/SE Manager,N/A
0,0x14b17a0a860,355,N/A,SERVICE_DEMAND_START,SERVICE_STOPPED,SERVICE_WIN32_OWN_PROCESS,SecurityHealthService,Windows Security Service,N/A
0,0x14b17a09000,354,N/A,SERVICE_DEMAND_START,SERVICE_STOPPED,SERVICE_WIN32_SHARE_PROCESS,seclogon,Secondary Logon,N/A
0,0x14b17a09b60,353,N/A,SERVICE_DEMAND_START,SERVICE_STOPPED,SERVICE_KERNEL_DRIVER,sdstor,sdstor,N/A
0,0x14b17a0d670,352,N/A,SERVICE_DEMAND_START,SERVICE_STOPPED,SERVICE_KERNEL_DRIVER,SDFRd,SDFRd,N/A
0,0x14b17a061f0,351,N/A,SERVICE_DEMAND_START,SERVICE_STOPPED,SERVICE_KERNEL_DRIVER,sdbus,sdbus,N/A
0,0x14b17a060f0,350,N/A,SERVICE_DEMAND_START,SERVICE_STOPPED,SERVICE_WIN32_SHARE_PROCESS,SCPolicySvc,Smart Card Removal Policy,N/A
0,0x14b17a09820,349,N/A,SERVICE_DEMAND_START,SERVICE_STOPPED,SERVICE_KERNEL_DRIVER,scmbus,scmbus,N/A
0,0x14b17a05ff0,348,1888,SERVICE_AUTO_START,SERVICE_RUNNING,SERVICE_WIN32_OWN_PROCESS|SERVICE_WIN32_SHARE_PROCESS,Schedule,Task Scheduler,C:\Windows\system32\svchost.exe -k netsvcs -p
0,0x14b17a03d50,347,N/A,SERVICE_DEMAND_START,SERVICE_STOPPED,SERVICE_KERNEL_DRIVER,scfilter,scfilter,N/A
0,0x14b17a053f0,346,N/A,SERVICE_DISABLED,SERVICE_STOPPED,SERVICE_WIN32_SHARE_PROCESS,ScDeviceEnum,Smart Card Device Enumeration Service,N/A
0,0x14b17a03bb0,345,N/A,SERVICE_DEMAND_START,SERVICE_STOPPED,SERVICE_WIN32_SHARE_PROCESS,SCardSvr,Smart Card,N/A
0,0x14b17a03a10,344,N/A,SERVICE_DEMAND_START,SERVICE_STOPPED,SERVICE_KERNEL_DRIVER,sbp2port,sbp2port,N/A
0,0x14b17a051f0,343,776,SERVICE_AUTO_START,SERVICE_RUNNING,SERVICE_WIN32_SHARE_PROCESS,SamSs,Security Accounts Manager,C:\Windows\system32\lsass.exe
0,0x14b17a03870,342,N/A,SERVICE_DEMAND_START,SERVICE_STOPPED,SERVICE_WIN32_SHARE_PROCESS,sacsvr,Special Administration Console Helper,N/A
0,0x14b17a03530,341,N/A,SERVICE_BOOT_START,SERVICE_STOPPED,SERVICE_KERNEL_DRIVER,sacdrv,sacdrv,N/A
0,0x14b17a05cf0,340,N/A,SERVICE_DEMAND_START,SERVICE_STOPPED,SERVICE_KERNEL_DRIVER,s3cap,s3cap,N/A
0,0x14b17a04ef0,339,N/A,SERVICE_AUTO_START,SERVICE_RUNNING,SERVICE_KERNEL_DRIVER,rspndr,rspndr,\Driver\rspndr
0,0x14b17a04ff0,338,N/A,SERVICE_DEMAND_START,SERVICE_STOPPED,SERVICE_WIN32_SHARE_PROCESS,RSoPProv,Resultant Set of Policy Provider,N/A
0,0x14b17a02eb0,337,496,SERVICE_AUTO_START,SERVICE_RUNNING,SERVICE_WIN32_SHARE_PROCESS,RpcSs,Remote Procedure Call (RPC),C:\Windows\system32\svchost.exe -k RPCSS -p
0,0x14b17a02d10,336,N/A,SERVICE_DEMAND_START,SERVICE_STOPPED,SERVICE_WIN32_OWN_PROCESS,RpcLocator,Remote Procedure Call (RPC) Locator,N/A
0,0x14b17a02b70,335,496,SERVICE_AUTO_START,SERVICE_RUNNING,SERVICE_WIN32_SHARE_PROCESS,RpcEptMapper,RPC Endpoint Mapper,C:\Windows\system32\svchost.exe -k RPCSS -p
0,0x14b17a03390,334,N/A,SERVICE_DISABLED,SERVICE_STOPPED,SERVICE_WIN32_SHARE_PROCESS,RmSvc,Radio Management Service,N/A
0,0x14b17a02690,333,N/A,SERVICE_DEMAND_START,SERVICE_STOPPED,SERVICE_KERNEL_DRIVER,rhproxy,rhproxy,N/A
0,0x14b17a05bf0,332,N/A,SERVICE_DEMAND_START,SERVICE_STOPPED,SERVICE_KERNEL_DRIVER,RFCOMM,RFCOMM,N/A
0,0x14b17a050f0,331,N/A,SERVICE_AUTO_START,SERVICE_STOPPED,SERVICE_WIN32_OWN_PROCESS|SERVICE_WIN32_SHARE_PROCESS,RemoteRegistry,Remote Registry,N/A
0,0x14b17a024f0,330,N/A,SERVICE_DISABLED,SERVICE_STOPPED,SERVICE_WIN32_SHARE_PROCESS,RemoteAccess,Routing and Remote Access,N/A
0,0x14b17a029d0,329,N/A,SERVICE_DEMAND_START,SERVICE_STOPPED,SERVICE_FILE_SYSTEM_DRIVER,ReFSv1,ReFSv1,N/A
0,0x14b17a055f0,328,N/A,SERVICE_DEMAND_START,SERVICE_STOPPED,SERVICE_FILE_SYSTEM_DRIVER,ReFS,ReFS,N/A
0,0x14b17a04cf0,327,N/A,SERVICE_DEMAND_START,SERVICE_RUNNING,SERVICE_KERNEL_DRIVER,RdpVideoMiniport,RdpVideoMiniport,\Driver\RdpVideoMiniport
0,0x14b17a04df0,326,N/A,SERVICE_DEMAND_START,SERVICE_RUNNING,SERVICE_KERNEL_DRIVER,RDPDR,RDPDR,\Driver\RDPDR
0,0x14b17a052f0,325,N/A,SERVICE_DEMAND_START,SERVICE_RUNNING,SERVICE_KERNEL_DRIVER,rdpbus,rdpbus,\Driver\rdpbus
0,0x14b17a048f0,324,N/A,SERVICE_SYSTEM_START,SERVICE_RUNNING,SERVICE_FILE_SYSTEM_DRIVER,rdbss,rdbss,\FileSystem\rdbss
0,0x14b17a046f0,323,N/A,SERVICE_DEMAND_START,SERVICE_RUNNING,SERVICE_KERNEL_DRIVER,RasSstp,RasSstp,\Driver\RasSstp
0,0x14b17a057f0,322,N/A,SERVICE_DEMAND_START,SERVICE_RUNNING,SERVICE_KERNEL_DRIVER,RasPppoe,RasPppoe,\Driver\RasPppoe
0,0x14b17a047f0,321,3112,SERVICE_AUTO_START,SERVICE_RUNNING,SERVICE_WIN32_SHARE_PROCESS,RasMan,Remote Access Connection Manager,C:\Windows\System32\svchost.exe -k netsvcs
0,0x14b17a02350,320,N/A,SERVICE_DEMAND_START,SERVICE_RUNNING,SERVICE_KERNEL_DRIVER,Rasl2tp,Rasl2tp,\Driver\Rasl2tp
0,0x14b17a04bf0,319,N/A,SERVICE_DEMAND_START,SERVICE_RUNNING,SERVICE_KERNEL_DRIVER,RasGre,RasGre,\Driver\RasGre
0,0x14b17a05af0,318,N/A,SERVICE_DEMAND_START,SERVICE_STOPPED,SERVICE_WIN32_SHARE_PROCESS,RasAuto,Remote Access Auto Connection Manager,N/A
0,0x14b17a02830,317,N/A,SERVICE_DEMAND_START,SERVICE_RUNNING,SERVICE_KERNEL_DRIVER,RasAgileVpn,RasAgileVpn,\Driver\RasAgileVpn
0,0x14b17a056f0,316,N/A,SERVICE_DEMAND_START,SERVICE_STOPPED,SERVICE_KERNEL_DRIVER,RasAcd,RasAcd,N/A
0,0x14b17a05df0,315,N/A,SERVICE_DEMAND_START,SERVICE_STOPPED,SERVICE_KERNEL_DRIVER,Ramdisk,Ramdisk,N/A
0,0x14b17a054f0,314,N/A,SERVICE_DEMAND_START,SERVICE_STOPPED,SERVICE_KERNEL_DRIVER,QWAVEdrv,QWAVEdrv,N/A
0,0x14b17a04af0,313,N/A,SERVICE_DEMAND_START,SERVICE_STOPPED,SERVICE_WIN32_SHARE_PROCESS,QWAVE,Quality Windows Audio Video Experience,N/A
0,0x14b17a03ef0,312,N/A,SERVICE_DEMAND_START,SERVICE_STOPPED,SERVICE_KERNEL_DRIVER,qlfcoei,qlfcoei,N/A
0,0x14b17a059f0,311,N/A,SERVICE_DEMAND_START,SERVICE_STOPPED,SERVICE_KERNEL_DRIVER,ql40xx2i,ql40xx2i,N/A
0,0x14b17a045f0,310,N/A,SERVICE_DEMAND_START,SERVICE_STOPPED,SERVICE_KERNEL_DRIVER,ql2300i,ql2300i,N/A
0,0x14b17a044f0,309,N/A,SERVICE_DEMAND_START,SERVICE_STOPPED,SERVICE_KERNEL_DRIVER,qeois,qeois,N/A
0,0x14b17a049f0,308,N/A,SERVICE_DEMAND_START,SERVICE_STOPPED,SERVICE_KERNEL_DRIVER,qefcoe,qefcoe,N/A
0,0x14b17a058f0,307,N/A,SERVICE_DEMAND_START,SERVICE_STOPPED,SERVICE_KERNEL_DRIVER,qebdrv,qebdrv,N/A
0,0x14b17a05ef0,306,N/A,SERVICE_DISABLED,SERVICE_STOPPED,SERVICE_WIN32_SHARE_PROCESS,PushToInstall,Windows PushToInstall Service,N/A
0,0x14b17a031f0,305,N/A,SERVICE_SYSTEM_START,SERVICE_RUNNING,SERVICE_KERNEL_DRIVER,Psched,Psched,\Driver\Psched
0,0x14b17a043f0,304,1668,SERVICE_AUTO_START,SERVICE_RUNNING,SERVICE_WIN32_OWN_PROCESS|SERVICE_WIN32_SHARE_PROCESS,ProfSvc,User Profile Service,C:\Windows\system32\svchost.exe -k netsvcs -p
0,0x14b17a036d0,303,N/A,SERVICE_DEMAND_START,SERVICE_STOPPED,SERVICE_KERNEL_DRIVER,Processor,Processor,N/A
0,0x14b179fc9f0,302,N/A,SERVICE_DEMAND_START,SERVICE_STOPPED,SERVICE_WIN32_SHARE_PROCESS,PrintWorkflowUserSvc,PrintWorkflow,N/A
0,0x14b17a03050,301,N/A,SERVICE_DEMAND_START,SERVICE_STOPPED,SERVICE_WIN32_SHARE_PROCESS|SERVICE_INTERACTIVE_PROCESS,PrintNotify,Printer Extensions and Notifications,N/A
0,0x14b17a021b0,300,N/A,SERVICE_DEMAND_START,SERVICE_RUNNING,SERVICE_KERNEL_DRIVER,PptpMiniport,PptpMiniport,\Driver\PptpMiniport
0,0x14b179fc6f0,299,928,SERVICE_AUTO_START,SERVICE_RUNNING,SERVICE_WIN32_SHARE_PROCESS,Power,Power,C:\Windows\system32\svchost.exe -k DcomLaunch -p
0,0x14b179fc120,298,N/A,SERVICE_DEMAND_START,SERVICE_STOPPED,SERVICE_WIN32_SHARE_PROCESS,PolicyAgent,IPsec Policy Agent,N/A
0,0x14b179fb280,297,N/A,SERVICE_DEMAND_START,SERVICE_STOPPED,SERVICE_KERNEL_DRIVER,PNPMEM,PNPMEM,N/A
0,0x14b179fccf0,295,908,SERVICE_DEMAND_START,SERVICE_RUNNING,SERVICE_WIN32_OWN_PROCESS|SERVICE_WIN32_SHARE_PROCESS,PlugPlay,Plug and Play,C:\Windows\system32\svchost.exe -k DcomLaunch -p
0,0x14b179fbf80,294,N/A,SERVICE_DEMAND_START,SERVICE_STOPPED,SERVICE_WIN32_SHARE_PROCESS,pla,Performance Logs & Alerts,N/A
0,0x14b179fbde0,293,N/A,SERVICE_DEMAND_START,SERVICE_STOPPED,SERVICE_KERNEL_DRIVER,PktMon,PktMon,N/A
0,0x14b179fd2f0,292,N/A,SERVICE_DEMAND_START,SERVICE_STOPPED,SERVICE_WIN32_SHARE_PROCESS,PimIndexMaintenanceSvc,Contact Data,N/A
0,0x14b179fb0e0,291,N/A,SERVICE_DISABLED,SERVICE_STOPPED,SERVICE_WIN32_SHARE_PROCESS,PhoneSvc,Phone Service,N/A
0,0x14b179faf40,290,N/A,SERVICE_DEMAND_START,SERVICE_STOPPED,SERVICE_WIN32_OWN_PROCESS,PerfHost,Performance Counter DLL Host,N/A
0,0x14b179fbaa0,289,N/A,SERVICE_DEMAND_START,SERVICE_STOPPED,SERVICE_KERNEL_DRIVER,percsas3i,percsas3i,N/A
0,0x14b179fcbf0,288,N/A,SERVICE_DEMAND_START,SERVICE_STOPPED,SERVICE_KERNEL_DRIVER,percsas2i,percsas2i,N/A
0,0x14b179fe1f0,287,N/A,SERVICE_AUTO_START,SERVICE_RUNNING,SERVICE_KERNEL_DRIVER,PEAUTH,PEAUTH,\Driver\PEAUTH
0,0x14b179fd1f0,286,N/A,SERVICE_BOOT_START,SERVICE_RUNNING,SERVICE_KERNEL_DRIVER,pdc,pdc,\Driver\pdc
0,0x14b179fdbf0,285,N/A,SERVICE_BOOT_START,SERVICE_RUNNING,SERVICE_KERNEL_DRIVER,pcw,pcw,\Driver\pcw
0,0x14b179fcff0,284,N/A,SERVICE_DEMAND_START,SERVICE_STOPPED,SERVICE_KERNEL_DRIVER,pcmcia,pcmcia,N/A
0,0x14b179fd7f0,283,N/A,SERVICE_DEMAND_START,SERVICE_STOPPED,SERVICE_KERNEL_DRIVER,pciide,pciide,N/A
0,0x14b179fdaf0,282,N/A,SERVICE_BOOT_START,SERVICE_RUNNING,SERVICE_KERNEL_DRIVER,pci,pci,\Driver\pci
0,0x14b179fcaf0,281,4140,SERVICE_DEMAND_START,SERVICE_RUNNING,SERVICE_WIN32_OWN_PROCESS|SERVICE_WIN32_SHARE_PROCESS,PcaSvc,Program Compatibility Assistant Service,C:\Windows\system32\svchost.exe -k LocalSystemNetworkRestricted -p
0,0x14b179fa8c0,280,N/A,SERVICE_BOOT_START,SERVICE_RUNNING,SERVICE_KERNEL_DRIVER,partmgr,partmgr,\Driver\partmgr
0,0x14b179fd5f0,279,N/A,SERVICE_DEMAND_START,SERVICE_STOPPED,SERVICE_KERNEL_DRIVER,Parport,Parport,N/A
0,0x14b179fc8f0,278,N/A,SERVICE_DEMAND_START,SERVICE_STOPPED,SERVICE_KERNEL_DRIVER,nvstor,nvstor,N/A
0,0x14b179fc5f0,277,N/A,SERVICE_DEMAND_START,SERVICE_STOPPED,SERVICE_KERNEL_DRIVER,nvraid,nvraid,N/A
0,0x14b179fdcf0,276,N/A,SERVICE_DEMAND_START,SERVICE_STOPPED,SERVICE_KERNEL_DRIVER,nvdimm,nvdimm,N/A
0,0x14b179fc7f0,275,N/A,SERVICE_SYSTEM_START,SERVICE_RUNNING,SERVICE_KERNEL_DRIVER,Null,Null,\Driver\Null
0,0x14b179fd4f0,274,N/A,SERVICE_DEMAND_START,SERVICE_RUNNING,SERVICE_FILE_SYSTEM_DRIVER,Ntfs,Ntfs,\FileSystem\Ntfs
0,0x14b179fcdf0,273,N/A,SERVICE_SYSTEM_START,SERVICE_RUNNING,SERVICE_KERNEL_DRIVER,nsiproxy,nsiproxy,\Driver\nsiproxy
0,0x14b179fcef0,272,1164,SERVICE_AUTO_START,SERVICE_RUNNING,SERVICE_WIN32_OWN_PROCESS|SERVICE_WIN32_SHARE_PROCESS,nsi,Network Store Interface Service,C:\Windows\system32\svchost.exe -k LocalService -p
0,0x14b179fb900,271,N/A,SERVICE_SYSTEM_START,SERVICE_RUNNING,SERVICE_KERNEL_DRIVER,npsvctrig,npsvctrig,\Driver\npsvctrig
0,0x14b179fdef0,270,N/A,SERVICE_SYSTEM_START,SERVICE_RUNNING,SERVICE_FILE_SYSTEM_DRIVER,Npfs,Npfs,\FileSystem\Npfs
0,0x14b179fddf0,269,1612,SERVICE_AUTO_START,SERVICE_RUNNING,SERVICE_WIN32_OWN_PROCESS|SERVICE_WIN32_SHARE_PROCESS,NlaSvc,Network Location Awareness,C:\Windows\System32\svchost.exe -k NetworkService -p
0,0x14b179fbc40,268,N/A,SERVICE_DEMAND_START,SERVICE_STOPPED,SERVICE_WIN32_SHARE_PROCESS,NgcSvc,Microsoft Passport,N/A
0,0x14b179fac00,267,N/A,SERVICE_DEMAND_START,SERVICE_STOPPED,SERVICE_WIN32_SHARE_PROCESS,NgcCtnrSvc,Microsoft Passport Container,N/A
0,0x14b179faa60,266,N/A,SERVICE_DEMAND_START,SERVICE_STOPPED,SERVICE_KERNEL_DRIVER,netvsc,netvsc,N/A
0,0x14b179fd6f0,265,N/A,SERVICE_DISABLED,SERVICE_STOPPED,SERVICE_WIN32_SHARE_PROCESS,NetTcpPortSharing,Net.Tcp Port Sharing Service,N/A
0,0x14b179fada0,264,N/A,SERVICE_DEMAND_START,SERVICE_STOPPED,SERVICE_WIN32_OWN_PROCESS|SERVICE_WIN32_SHARE_PROCESS,NetSetupSvc,Network Setup Service,N/A
0,0x14b179fa720,263,1848,SERVICE_DEMAND_START,SERVICE_RUNNING,SERVICE_WIN32_OWN_PROCESS|SERVICE_WIN32_SHARE_PROCESS,netprofm,Network List Service,C:\Windows\System32\svchost.exe -k LocalService -p
0,0x14b179fb5c0,262,N/A,SERVICE_DEMAND_START,SERVICE_STOPPED,SERVICE_WIN32_SHARE_PROCESS,Netman,Network Connections,N/A
0,0x14b179fa3e0,261,776,SERVICE_AUTO_START,SERVICE_RUNNING,SERVICE_WIN32_SHARE_PROCESS,Netlogon,Netlogon,C:\Windows\system32\lsass.exe
0,0x14b179fb420,260,N/A,SERVICE_SYSTEM_START,SERVICE_RUNNING,SERVICE_KERNEL_DRIVER,NetBT,NetBT,\Driver\NetBT
0,0x14b179fd3f0,259,N/A,SERVICE_SYSTEM_START,SERVICE_RUNNING,SERVICE_FILE_SYSTEM_DRIVER,NetBIOS,NetBIOS,\FileSystem\NetBIOS
0,0x14b179fd9f0,258,N/A,SERVICE_DEMAND_START,SERVICE_STOPPED,SERVICE_KERNEL_DRIVER,NetAdapterCx,NetAdapterCx,N/A
0,0x14b179fdff0,257,N/A,SERVICE_DEMAND_START,SERVICE_RUNNING,SERVICE_KERNEL_DRIVER,ndproxy,ndproxy,\Driver\ndproxy
0,0x14b179fd0f0,256,N/A,SERVICE_DEMAND_START,SERVICE_STOPPED,SERVICE_KERNEL_DRIVER,ndiswanlegacy,ndiswanlegacy,N/A
0,0x14b179fc4f0,255,N/A,SERVICE_DEMAND_START,SERVICE_RUNNING,SERVICE_KERNEL_DRIVER,NdisWan,NdisWan,\Driver\NdisWan
0,0x14b179fd8f0,254,N/A,SERVICE_DEMAND_START,SERVICE_RUNNING,SERVICE_KERNEL_DRIVER,NdisVirtualBus,NdisVirtualBus,\Driver\NdisVirtualBus
0,0x14b179fc3f0,253,N/A,SERVICE_DEMAND_START,SERVICE_STOPPED,SERVICE_KERNEL_DRIVER,Ndisuio,Ndisuio,N/A
0,0x14b179f1f60,252,N/A,SERVICE_DEMAND_START,SERVICE_RUNNING,SERVICE_KERNEL_DRIVER,NdisTapi,NdisTapi,\Driver\NdisTapi
0,0x14b179f1660,251,N/A,SERVICE_DEMAND_START,SERVICE_STOPPED,SERVICE_KERNEL_DRIVER,NdisImPlatform,NdisImPlatform,N/A
0,0x14b179f3560,250,N/A,SERVICE_DEMAND_START,SERVICE_STOPPED,SERVICE_KERNEL_DRIVER,NdisCap,NdisCap,N/A
0,0x14b179f2b60,249,N/A,SERVICE_BOOT_START,SERVICE_RUNNING,SERVICE_KERNEL_DRIVER,NDIS,NDIS,\Driver\NDIS
0,0x14b179f1e60,248,N/A,SERVICE_DEMAND_START,SERVICE_STOPPED,SERVICE_KERNEL_DRIVER,ndfltr,ndfltr,N/A
0,0x14b179f3a60,247,1152,SERVICE_DEMAND_START,SERVICE_RUNNING,SERVICE_WIN32_OWN_PROCESS|SERVICE_WIN32_SHARE_PROCESS,NcbService,Network Connection Broker,C:\Windows\System32\svchost.exe -k LocalSystemNetworkRestricted -p
0,0x14b179fb760,246,N/A,SERVICE_DEMAND_START,SERVICE_STOPPED,SERVICE_WIN32_OWN_PROCESS|SERVICE_WIN32_SHARE_PROCESS,NcaSvc,Network Connectivity Assistant,N/A
0,0x14b179fa580,245,N/A,SERVICE_DEMAND_START,SERVICE_STOPPED,SERVICE_KERNEL_DRIVER,mvumis,mvumis,N/A
0,0x14b179f1360,244,N/A,SERVICE_BOOT_START,SERVICE_RUNNING,SERVICE_FILE_SYSTEM_DRIVER,Mup,Mup,\FileSystem\Mup
0,0x14b179f1560,243,N/A,SERVICE_DEMAND_START,SERVICE_STOPPED,SERVICE_KERNEL_DRIVER,MTConfig,MTConfig,N/A
0,0x14b179f2a60,242,N/A,SERVICE_DEMAND_START,SERVICE_STOPPED,SERVICE_KERNEL_DRIVER,MSTEE,MSTEE,N/A
0,0x14b179f3260,241,N/A,SERVICE_SYSTEM_START,SERVICE_RUNNING,SERVICE_KERNEL_DRIVER,mssmbios,mssmbios,\Driver\mssmbios
0,0x14b179f1060,240,N/A,SERVICE_BOOT_START,SERVICE_RUNNING,SERVICE_KERNEL_DRIVER,MsSecFlt,MsSecFlt,\Driver\MsSecFlt
0,0x14b179f2f60,239,N/A,SERVICE_DEMAND_START,SERVICE_STOPPED,SERVICE_KERNEL_DRIVER,MsRPC,MsRPC,N/A
0,0x14b179f2560,238,N/A,SERVICE_DEMAND_START,SERVICE_STOPPED,SERVICE_KERNEL_DRIVER,MSPQM,MSPQM,N/A
0,0x14b179f0f60,237,N/A,SERVICE_DEMAND_START,SERVICE_STOPPED,SERVICE_KERNEL_DRIVER,MSPCLOCK,MSPCLOCK,N/A
0,0x14b179f3160,236,N/A,SERVICE_AUTO_START,SERVICE_RUNNING,SERVICE_KERNEL_DRIVER,MsLldp,MsLldp,\Driver\MsLldp
0,0x14b179f2160,235,N/A,SERVICE_DEMAND_START,SERVICE_STOPPED,SERVICE_KERNEL_DRIVER,MsLbfoProvider,MsLbfoProvider,N/A
0,0x14b179f2960,234,N/A,SERVICE_DEMAND_START,SERVICE_STOPPED,SERVICE_KERNEL_DRIVER,MSKSSRV,MSKSSRV,N/A
0,0x14b179f0d60,233,N/A,SERVICE_DEMAND_START,SERVICE_STOPPED,SERVICE_WIN32_OWN_PROCESS,msiserver,Windows Installer,N/A
0,0x14b179ee140,232,N/A,SERVICE_DEMAND_START,SERVICE_STOPPED,SERVICE_WIN32_SHARE_PROCESS,MSiSCSI,Microsoft iSCSI Initiator Service,N/A
0,0x14b179ede00,231,N/A,SERVICE_BOOT_START,SERVICE_RUNNING,SERVICE_KERNEL_DRIVER,msisadrv,msisadrv,\Driver\msisadrv
0,0x14b179f4560,230,N/A,SERVICE_DEMAND_START,SERVICE_STOPPED,SERVICE_KERNEL_DRIVER,mshidumdf,mshidumdf,N/A
0,0x14b179f2e60,229,N/A,SERVICE_DEMAND_START,SERVICE_STOPPED,SERVICE_KERNEL_DRIVER,mshidkmdf,mshidkmdf,N/A
0,0x14b179f3060,228,N/A,SERVICE_DEMAND_START,SERVICE_STOPPED,SERVICE_KERNEL_DRIVER,msgpiowin32,msgpiowin32,N/A
0,0x14b179f2260,227,N/A,SERVICE_SYSTEM_START,SERVICE_RUNNING,SERVICE_FILE_SYSTEM_DRIVER,Msfs,Msfs,\FileSystem\Msfs
0,0x14b179f1a60,226,1104,SERVICE_AUTO_START,SERVICE_RUNNING,SERVICE_WIN32_OWN_PROCESS,MSDTC,Distributed Transaction Coordinator,C:\Windows\System32\msdtc.exe
0,0x14b179ef9a0,225,N/A,SERVICE_DEMAND_START,SERVICE_STOPPED,SERVICE_KERNEL_DRIVER,MsBridge,MsBridge,N/A
0,0x14b179f4760,224,N/A,SERVICE_DEMAND_START,SERVICE_RUNNING,SERVICE_FILE_SYSTEM_DRIVER,mrxsmb20,mrxsmb20,\FileSystem\mrxsmb20
0,0x14b179f1860,223,N/A,SERVICE_DEMAND_START,SERVICE_RUNNING,SERVICE_FILE_SYSTEM_DRIVER,mrxsmb,mrxsmb,\FileSystem\mrxsmb
0,0x14b179f3b60,222,1576,SERVICE_AUTO_START,SERVICE_RUNNING,SERVICE_WIN32_SHARE_PROCESS,mpssvc,Windows Defender Firewall,C:\Windows\system32\svchost.exe -k LocalServiceNoNetworkFirewall -p
0,0x14b179ef660,221,N/A,SERVICE_DEMAND_START,SERVICE_RUNNING,SERVICE_KERNEL_DRIVER,mpsdrv,mpsdrv,\Driver\mpsdrv
0,0x14b179f3e60,220,N/A,SERVICE_BOOT_START,SERVICE_RUNNING,SERVICE_KERNEL_DRIVER,mountmgr,mountmgr,\Driver\mountmgr
0,0x14b179f1d60,219,N/A,SERVICE_DEMAND_START,SERVICE_STOPPED,SERVICE_KERNEL_DRIVER,mouhid,mouhid,N/A
0,0x14b179f3960,218,N/A,SERVICE_DEMAND_START,SERVICE_RUNNING,SERVICE_KERNEL_DRIVER,mouclass,mouclass,\Driver\mouclass
0,0x14b179f4360,217,N/A,SERVICE_DEMAND_START,SERVICE_RUNNING,SERVICE_KERNEL_DRIVER,monitor,monitor,\Driver\monitor
0,0x14b179f3f60,216,N/A,SERVICE_DEMAND_START,SERVICE_STOPPED,SERVICE_KERNEL_DRIVER,Modem,Modem,N/A
0,0x14b179f2d60,215,N/A,SERVICE_DEMAND_START,SERVICE_RUNNING,SERVICE_KERNEL_DRIVER,MMCSS,MMCSS,\Driver\MMCSS
0,0x14b179f2c60,214,N/A,SERVICE_DEMAND_START,SERVICE_STOPPED,SERVICE_KERNEL_DRIVER,mlx4_bus,mlx4_bus,N/A
0,0x14b179f3860,213,N/A,SERVICE_DEMAND_START,SERVICE_STOPPED,SERVICE_KERNEL_DRIVER,Microsoft_Bluetooth_AvrcpTransport,Microsoft_Bluetooth_AvrcpTransport,N/A
0,0x14b179f0e60,212,N/A,SERVICE_DEMAND_START,SERVICE_STOPPED,SERVICE_KERNEL_DRIVER,megasr,megasr,N/A
0,0x14b179f2360,211,N/A,SERVICE_DEMAND_START,SERVICE_STOPPED,SERVICE_KERNEL_DRIVER,megasas35i,megasas35i,N/A
0,0x14b179f4b60,210,N/A,SERVICE_DEMAND_START,SERVICE_STOPPED,SERVICE_KERNEL_DRIVER,megasas2i,megasas2i,N/A
0,0x14b179f2060,209,N/A,SERVICE_DEMAND_START,SERVICE_STOPPED,SERVICE_KERNEL_DRIVER,megasas,megasas,N/A
0,0x14b179f1760,208,N/A,SERVICE_DEMAND_START,SERVICE_STOPPED,SERVICE_KERNEL_DRIVER,mausbip,mausbip,N/A
0,0x14b179f1260,207,N/A,SERVICE_DEMAND_START,SERVICE_STOPPED,SERVICE_KERNEL_DRIVER,mausbhost,mausbhost,N/A
0,0x14b179f3c60,206,N/A,SERVICE_DISABLED,SERVICE_STOPPED,SERVICE_WIN32_OWN_PROCESS,MapsBroker,Downloaded Maps Manager,N/A
0,0x14b179ef4c0,205,N/A,SERVICE_AUTO_START,SERVICE_RUNNING,SERVICE_FILE_SYSTEM_DRIVER,luafv,luafv,\FileSystem\luafv
0,0x14b179f1c60,204,624,SERVICE_AUTO_START,SERVICE_RUNNING,SERVICE_WIN32_OWN_PROCESS|SERVICE_WIN32_SHARE_PROCESS,LSM,Local Session Manager,C:\Windows\system32\svchost.exe -k DcomLaunch -p
0,0x14b179eeb00,203,N/A,SERVICE_DEMAND_START,SERVICE_STOPPED,SERVICE_KERNEL_DRIVER,LSI_SSS,LSI_SSS,N/A
0,0x14b179f3760,202,N/A,SERVICE_DEMAND_START,SERVICE_STOPPED,SERVICE_KERNEL_DRIVER,LSI_SAS3i,LSI_SAS3i,N/A
0,0x14b179f4260,201,N/A,SERVICE_DEMAND_START,SERVICE_STOPPED,SERVICE_KERNEL_DRIVER,LSI_SAS2i,LSI_SAS2i,N/A
0,0x14b179f4160,200,N/A,SERVICE_DEMAND_START,SERVICE_STOPPED,SERVICE_KERNEL_DRIVER,LSI_SAS,LSI_SAS,N/A
0,0x14b179f4860,199,1172,SERVICE_DEMAND_START,SERVICE_RUNNING,SERVICE_WIN32_OWN_PROCESS|SERVICE_WIN32_SHARE_PROCESS,lmhosts,TCP/IP NetBIOS Helper,C:\Windows\System32\svchost.exe -k LocalServiceNetworkRestricted -p
0,0x14b179edfa0,198,N/A,SERVICE_DISABLED,SERVICE_STOPPED,SERVICE_WIN32_SHARE_PROCESS,lltdsvc,Link-Layer Topology Discovery Mapper,N/A
0,0x14b179ee960,197,N/A,SERVICE_AUTO_START,SERVICE_RUNNING,SERVICE_KERNEL_DRIVER,lltdio,lltdio,\Driver\lltdio
0,0x14b179f1b60,196,2196,SERVICE_DEMAND_START,SERVICE_RUNNING,SERVICE_WIN32_OWN_PROCESS|SERVICE_WIN32_SHARE_PROCESS,LicenseManager,Windows License Manager Service,C:\Windows\System32\svchost.exe -k LocalService -p
0,0x14b179edc60,195,N/A,SERVICE_DISABLED,SERVICE_STOPPED,SERVICE_WIN32_SHARE_PROCESS,lfsvc,Geolocation Service,N/A
0,0x14b179eefe0,194,2092,SERVICE_AUTO_START,SERVICE_RUNNING,SERVICE_WIN32_OWN_PROCESS|SERVICE_WIN32_SHARE_PROCESS,LanmanWorkstation,Workstation,C:\Windows\System32\svchost.exe -k NetworkService -p
0,0x14b179ee7c0,193,2904,SERVICE_AUTO_START,SERVICE_RUNNING,SERVICE_WIN32_OWN_PROCESS|SERVICE_WIN32_SHARE_PROCESS,LanmanServer,Server,C:\Windows\System32\svchost.exe -k smbsvcs
0,0x14b179eee40,192,N/A,SERVICE_DEMAND_START,SERVICE_STOPPED,SERVICE_WIN32_SHARE_PROCESS,KtmRm,KtmRm for Distributed Transaction Coordinator,N/A
0,0x14b179ee2e0,191,N/A,SERVICE_DEMAND_START,SERVICE_STOPPED,SERVICE_KERNEL_DRIVER,ksthunk,ksthunk,N/A
0,0x14b179f3d60,190,N/A,SERVICE_BOOT_START,SERVICE_RUNNING,SERVICE_KERNEL_DRIVER,KSecPkg,KSecPkg,\Driver\KSecPkg
0,0x14b179f1160,189,N/A,SERVICE_BOOT_START,SERVICE_RUNNING,SERVICE_KERNEL_DRIVER,KSecDD,KSecDD,\Driver\KSecDD
0,0x14b179f1460,188,N/A,SERVICE_DEMAND_START,SERVICE_STOPPED,SERVICE_WIN32_SHARE_PROCESS,KPSSVC,KDC Proxy Server service (KPS),N/A
0,0x14b179ee620,187,776,SERVICE_DEMAND_START,SERVICE_RUNNING,SERVICE_WIN32_SHARE_PROCESS,KeyIso,CNG Key Isolation,C:\Windows\system32\lsass.exe
0,0x14b179eeca0,186,N/A,SERVICE_DEMAND_START,SERVICE_RUNNING,SERVICE_KERNEL_DRIVER,kdnic,kdnic,\Driver\kdnic
0,0x14b179f3660,185,N/A,SERVICE_DEMAND_START,SERVICE_STOPPED,SERVICE_KERNEL_DRIVER,kbdhid,kbdhid,N/A
0,0x14b179f3360,184,N/A,SERVICE_DEMAND_START,SERVICE_RUNNING,SERVICE_KERNEL_DRIVER,kbdclass,kbdclass,\Driver\kbdclass
0,0x14b179f4460,183,N/A,SERVICE_DEMAND_START,SERVICE_STOPPED,SERVICE_KERNEL_DRIVER,ItSas35i,ItSas35i,N/A
0,0x14b179f2860,182,N/A,SERVICE_DEMAND_START,SERVICE_STOPPED,SERVICE_KERNEL_DRIVER,iScsiPrt,iScsiPrt,N/A
0,0x14b179f3460,181,N/A,SERVICE_DEMAND_START,SERVICE_STOPPED,SERVICE_KERNEL_DRIVER,isapnp,isapnp,N/A
0,0x14b179f2760,180,N/A,SERVICE_DEMAND_START,SERVICE_STOPPED,SERVICE_KERNEL_DRIVER,IPT,IPT,N/A
0,0x14b179f4060,179,N/A,SERVICE_DEMAND_START,SERVICE_STOPPED,SERVICE_KERNEL_DRIVER,IPsecGW,IPsecGW,N/A
0,0x14b179f4960,178,N/A,SERVICE_DEMAND_START,SERVICE_STOPPED,SERVICE_KERNEL_DRIVER,IPNAT,IPNAT,N/A
0,0x14b179f2660,177,N/A,SERVICE_DEMAND_START,SERVICE_STOPPED,SERVICE_KERNEL_DRIVER,IPMIDRV,IPMIDRV,N/A
0,0x14b179e1af0,176,2560,SERVICE_AUTO_START,SERVICE_RUNNING,SERVICE_WIN32_OWN_PROCESS|SERVICE_WIN32_SHARE_PROCESS,iphlpsvc,IP Helper,C:\Windows\System32\svchost.exe -k NetSvcs -p
0,0x14b179ee480,175,N/A,SERVICE_DEMAND_START,SERVICE_STOPPED,SERVICE_KERNEL_DRIVER,IpFilterDriver,IpFilterDriver,N/A
0,0x14b179e16f0,174,N/A,SERVICE_DEMAND_START,SERVICE_RUNNING,SERVICE_KERNEL_DRIVER,intelppm,intelppm,\Driver\intelppm
0,0x14b179dfdf0,173,N/A,SERVICE_BOOT_START,SERVICE_RUNNING,SERVICE_KERNEL_DRIVER,intelpep,intelpep,\Driver\intelpep
0,0x14b179e15f0,172,N/A,SERVICE_BOOT_START,SERVICE_RUNNING,SERVICE_KERNEL_DRIVER,intelide,intelide,\Driver\intelide
0,0x14b179dfcf0,171,N/A,SERVICE_DEMAND_START,SERVICE_STOPPED,SERVICE_WIN32_OWN_PROCESS,InstallService,Microsoft Store Install Service,N/A
0,0x14b179ef320,170,N/A,SERVICE_DEMAND_START,SERVICE_STOPPED,SERVICE_KERNEL_DRIVER,IndirectKmd,IndirectKmd,N/A
0,0x14b179e13f0,169,N/A,SERVICE_DEMAND_START,SERVICE_STOPPED,SERVICE_WIN32_SHARE_PROCESS,IKEEXT,IKE and AuthIP IPsec Keying Modules,N/A
0,0x14b179ef180,168,N/A,SERVICE_DISABLED,SERVICE_STOPPED,SERVICE_WIN32_SHARE_PROCESS,icssvc,Windows Mobile Hotspot Service,N/A
0,0x14b179ef800,167,N/A,SERVICE_DEMAND_START,SERVICE_STOPPED,SERVICE_KERNEL_DRIVER,ibbus,ibbus,N/A
0,0x14b179dfff0,166,N/A,SERVICE_DEMAND_START,SERVICE_STOPPED,SERVICE_KERNEL_DRIVER,iaStorV,iaStorV,N/A
0,0x14b179dfbf0,165,N/A,SERVICE_DEMAND_START,SERVICE_STOPPED,SERVICE_KERNEL_DRIVER,iaStorAVC,iaStorAVC,N/A
0,0x14b179df9f0,164,N/A,SERVICE_DEMAND_START,SERVICE_STOPPED,SERVICE_KERNEL_DRIVER,iaLPSSi_I2C,iaLPSSi_I2C,N/A
0,0x14b179df8f0,163,N/A,SERVICE_DEMAND_START,SERVICE_STOPPED,SERVICE_KERNEL_DRIVER,iaLPSSi_GPIO,iaLPSSi_GPIO,N/A
0,0x14b179e05f0,162,N/A,SERVICE_DEMAND_START,SERVICE_RUNNING,SERVICE_KERNEL_DRIVER,i8042prt,i8042prt,\Driver\i8042prt
0,0x14b179e12f0,161,N/A,SERVICE_DEMAND_START,SERVICE_STOPPED,SERVICE_KERNEL_DRIVER,HyperVideo,HyperVideo,N/A
0,0x14b179df7f0,160,N/A,SERVICE_DEMAND_START,SERVICE_STOPPED,SERVICE_KERNEL_DRIVER,hyperkbd,hyperkbd,N/A
0,0x14b179df5f0,159,N/A,SERVICE_BOOT_START,SERVICE_STOPPED,SERVICE_KERNEL_DRIVER,hwpolicy,hwpolicy,N/A
0,0x14b179df4f0,158,N/A,SERVICE_DEMAND_START,SERVICE_STOPPED,SERVICE_KERNEL_DRIVER,HwNClx0101,HwNClx0101,N/A
0,0x14b179e11f0,157,N/A,SERVICE_DEMAND_START,SERVICE_STOPPED,SERVICE_KERNEL_DRIVER,hvservice,hvservice,N/A
0,0x14b179df0f0,156,N/A,SERVICE_DEMAND_START,SERVICE_STOPPED,SERVICE_WIN32_SHARE_PROCESS,HvHost,HV Host Service,N/A
0,0x14b179e7160,155,N/A,SERVICE_DISABLED,SERVICE_STOPPED,SERVICE_KERNEL_DRIVER,hvcrash,hvcrash,N/A
0,0x14b179deaf0,154,N/A,SERVICE_DEMAND_START,SERVICE_RUNNING,SERVICE_KERNEL_DRIVER,HTTP,HTTP,\Driver\HTTP
0,0x14b179df2f0,153,N/A,SERVICE_DEMAND_START,SERVICE_STOPPED,SERVICE_KERNEL_DRIVER,HpSAMD,HpSAMD,N/A
0,0x14b179de9f0,152,N/A,SERVICE_DEMAND_START,SERVICE_STOPPED,SERVICE_KERNEL_DRIVER,HidUsb,HidUsb,N/A
0,0x14b179de7f0,151,N/A,SERVICE_DEMAND_START,SERVICE_STOPPED,SERVICE_WIN32_SHARE_PROCESS,hidserv,Human Interface Device Service,N/A
0,0x14b179e6fc0,150,N/A,SERVICE_DEMAND_START,SERVICE_STOPPED,SERVICE_KERNEL_DRIVER,hidinterrupt,hidinterrupt,N/A
0,0x14b179e14f0,149,N/A,SERVICE_DEMAND_START,SERVICE_STOPPED,SERVICE_KERNEL_DRIVER,HidBatt,HidBatt,N/A
0,0x14b179deef0,148,N/A,SERVICE_DEMAND_START,SERVICE_STOPPED,SERVICE_KERNEL_DRIVER,HDAudBus,HDAudBus,N/A
0,0x14b179dedf0,147,N/A,SERVICE_DISABLED,SERVICE_STOPPED,SERVICE_WIN32_SHARE_PROCESS,GraphicsPerfSvc,GraphicsPerfSvc,N/A
0,0x14b179e77e0,146,1660,SERVICE_AUTO_START,SERVICE_RUNNING,SERVICE_WIN32_OWN_PROCESS|SERVICE_WIN32_SHARE_PROCESS,gpsvc,Group Policy Client,C:\Windows\system32\svchost.exe -k netsvcs -p
0,0x14b179e6c80,145,N/A,SERVICE_DEMAND_START,SERVICE_STOPPED,SERVICE_KERNEL_DRIVER,GPIOClx0101,GPIOClx0101,N/A
0,0x14b179e19f0,144,N/A,SERVICE_DEMAND_START,SERVICE_STOPPED,SERVICE_KERNEL_DRIVER,genericusbfn,genericusbfn,N/A
0,0x14b179e10f0,143,N/A,SERVICE_DEMAND_START,SERVICE_STOPPED,SERVICE_KERNEL_DRIVER,gencounter,gencounter,N/A
0,0x14b179de3f0,142,N/A,SERVICE_DEMAND_START,SERVICE_STOPPED,SERVICE_FILE_SYSTEM_DRIVER,FsDepends,FsDepends,N/A
0,0x14b179e0bf0,141,N/A,SERVICE_DEMAND_START,SERVICE_STOPPED,SERVICE_WIN32_SHARE_PROCESS,FrameServer,Windows Camera Frame Server,N/A
0,0x14b179e6e20,140,1260,SERVICE_AUTO_START,SERVICE_RUNNING,SERVICE_WIN32_OWN_PROCESS|SERVICE_WIN32_SHARE_PROCESS,FontCache,Windows Font Cache Service,C:\Windows\system32\svchost.exe -k LocalService -p
0,0x14b179e6ae0,139,N/A,SERVICE_BOOT_START,SERVICE_RUNNING,SERVICE_FILE_SYSTEM_DRIVER,FltMgr,FltMgr,\FileSystem\FltMgr
0,0x14b179de1f0,138,N/A,SERVICE_DEMAND_START,SERVICE_STOPPED,SERVICE_KERNEL_DRIVER,flpydisk,flpydisk,N/A
0,0x14b179e1cf0,137,N/A,SERVICE_DEMAND_START,SERVICE_STOPPED,SERVICE_FILE_SYSTEM_DRIVER,Filetrace,Filetrace,N/A
0,0x14b179e04f0,136,N/A,SERVICE_DEMAND_START,SERVICE_STOPPED,SERVICE_FILE_SYSTEM_DRIVER,FileInfo,FileInfo,N/A
0,0x14b179de6f0,135,N/A,SERVICE_SYSTEM_START,SERVICE_RUNNING,SERVICE_FILE_SYSTEM_DRIVER,FileCrypt,FileCrypt,\FileSystem\FileCrypt
0,0x14b179decf0,134,N/A,SERVICE_DEMAND_START,SERVICE_STOPPED,SERVICE_WIN32_SHARE_PROCESS,FDResPub,Function Discovery Resource Publication,N/A
0,0x14b179e6120,133,N/A,SERVICE_DEMAND_START,SERVICE_STOPPED,SERVICE_WIN32_SHARE_PROCESS,fdPHost,Function Discovery Provider Host,N/A
0,0x14b179e6600,132,N/A,SERVICE_DEMAND_START,SERVICE_RUNNING,SERVICE_KERNEL_DRIVER,fdc,fdc,\Driver\fdc
0,0x14b179dfaf0,131,N/A,SERVICE_DEMAND_START,SERVICE_STOPPED,SERVICE_KERNEL_DRIVER,fcvsc,fcvsc,N/A
0,0x14b179e0ef0,130,N/A,SERVICE_DEMAND_START,SERVICE_STOPPED,SERVICE_FILE_SYSTEM_DRIVER,fastfat,fastfat,N/A
0,0x14b179debf0,129,N/A,SERVICE_DEMAND_START,SERVICE_STOPPED,SERVICE_FILE_SYSTEM_DRIVER,exfat,exfat,N/A
0,0x14b179e0df0,128,1680,SERVICE_AUTO_START,SERVICE_RUNNING,SERVICE_WIN32_OWN_PROCESS|SERVICE_WIN32_SHARE_PROCESS,EventSystem,COM+ Event System,C:\Windows\system32\svchost.exe -k LocalService -p
0,0x14b179e7640,127,1384,SERVICE_AUTO_START,SERVICE_RUNNING,SERVICE_WIN32_OWN_PROCESS|SERVICE_WIN32_SHARE_PROCESS,EventLog,Windows Event Log,C:\Windows\System32\svchost.exe -k LocalServiceNetworkRestricted -p
0,0x14b179e6460,126,N/A,SERVICE_DEMAND_START,SERVICE_STOPPED,SERVICE_KERNEL_DRIVER,ErrDev,ErrDev,N/A
0,0x14b179deff0,125,N/A,SERVICE_DEMAND_START,SERVICE_STOPPED,SERVICE_WIN32_SHARE_PROCESS,EntAppSvc,Enterprise App Management Service,N/A
0,0x14b179e5f80,124,N/A,SERVICE_DEMAND_START,SERVICE_STOPPED,SERVICE_KERNEL_DRIVER,ena,ena,N/A
0,0x14b179df1f0,123,N/A,SERVICE_DEMAND_START,SERVICE_STOPPED,SERVICE_WIN32_SHARE_PROCESS,embeddedmode,Embedded Mode,N/A
0,0x14b179e74a0,122,N/A,SERVICE_DEMAND_START,SERVICE_STOPPED,SERVICE_KERNEL_DRIVER,elxstor,elxstor,N/A
0,0x14b179dfef0,121,N/A,SERVICE_DEMAND_START,SERVICE_STOPPED,SERVICE_KERNEL_DRIVER,elxfcoe,elxfcoe,N/A
0,0x14b179e17f0,120,N/A,SERVICE_DEMAND_START,SERVICE_STOPPED,SERVICE_KERNEL_DRIVER,EhStorTcgDrv,EhStorTcgDrv,N/A
0,0x14b179df6f0,119,N/A,SERVICE_BOOT_START,SERVICE_RUNNING,SERVICE_KERNEL_DRIVER,EhStorClass,EhStorClass,\Driver\EhStorClass
0,0x14b179e18f0,118,N/A,SERVICE_DEMAND_START,SERVICE_STOPPED,SERVICE_WIN32_SHARE_PROCESS,EFS,Encrypting File System (EFS),N/A
0,0x14b179e7300,117,N/A,SERVICE_BOOT_START,SERVICE_RUNNING,SERVICE_KERNEL_DRIVER,ec2winutildriver,ec2winutildriver,\Driver\ec2winutildriver
0,0x14b179de5f0,116,N/A,SERVICE_DEMAND_START,SERVICE_STOPPED,SERVICE_KERNEL_DRIVER,ebdrv,ebdrv,N/A
0,0x14b179de2f0,115,N/A,SERVICE_DEMAND_START,SERVICE_STOPPED,SERVICE_WIN32_SHARE_PROCESS,Eaphost,Extensible Authentication Protocol,N/A
0,0x14b179e6940,114,N/A,SERVICE_SYSTEM_START,SERVICE_RUNNING,SERVICE_KERNEL_DRIVER,DXGKrnl,DXGKrnl,\Driver\DXGKrnl
0,0x14b179e0af0,113,7032,SERVICE_DEMAND_START,SERVICE_RUNNING,SERVICE_WIN32_OWN_PROCESS|SERVICE_WIN32_SHARE_PROCESS,DsSvc,Data Sharing Service,C:\Windows\System32\svchost.exe -k LocalSystemNetworkRestricted -p
0,0x14b179e62c0,112,652,SERVICE_DEMAND_START,SERVICE_RUNNING,SERVICE_WIN32_OWN_PROCESS|SERVICE_WIN32_SHARE_PROCESS,DsmSvc,Device Setup Manager,C:\Windows\system32\svchost.exe -k netsvcs -p
0,0x14b179e67a0,111,N/A,SERVICE_DEMAND_START,SERVICE_STOPPED,SERVICE_KERNEL_DRIVER,drmkaud,drmkaud,N/A
0,0x14b179e0ff0,110,2472,SERVICE_AUTO_START,SERVICE_RUNNING,SERVICE_WIN32_OWN_PROCESS|SERVICE_WIN32_SHARE_PROCESS,DPS,Diagnostic Policy Service,C:\Windows\System32\svchost.exe -k LocalServiceNoNetwork -p
0,0x14b179e7cc0,109,N/A,SERVICE_DEMAND_START,SERVICE_STOPPED,SERVICE_WIN32_SHARE_PROCESS,dot3svc,Wired AutoConfig,N/A
0,0x14b179e7980,108,N/A,SERVICE_DEMAND_START,SERVICE_STOPPED,SERVICE_WIN32_OWN_PROCESS|SERVICE_WIN32_SHARE_PROCESS,DoSvc,Delivery Optimization,N/A
0,0x14b179e7b20,107,1312,SERVICE_AUTO_START,SERVICE_RUNNING,SERVICE_WIN32_OWN_PROCESS|SERVICE_WIN32_SHARE_PROCESS,Dnscache,DNS Client,C:\Windows\system32\svchost.exe -k NetworkService -p
0,0x14b179e33d0,106,N/A,SERVICE_DISABLED,SERVICE_STOPPED,SERVICE_WIN32_SHARE_PROCESS,dmwappushservice,Device Management Wireless Application Protocol (WAP) Push message Routing Service,N/A
0,0x14b179e40d0,105,N/A,SERVICE_DEMAND_START,SERVICE_STOPPED,SERVICE_KERNEL_DRIVER,dmvsc,dmvsc,N/A
0,0x14b179e02f0,104,N/A,SERVICE_DEMAND_START,SERVICE_STOPPED,SERVICE_WIN32_OWN_PROCESS,DmEnrollmentSvc,Device Management Enrollment Service,N/A
0,0x14b179e3d90,103,N/A,SERVICE_BOOT_START,SERVICE_RUNNING,SERVICE_KERNEL_DRIVER,Disk,Disk,\Driver\Disk
0,0x14b179e0cf0,102,N/A,SERVICE_DISABLED,SERVICE_STOPPED,SERVICE_WIN32_OWN_PROCESS,DiagTrack,Connected User Experiences and Telemetry,N/A
0,0x14b179e2d50,101,N/A,SERVICE_DEMAND_START,SERVICE_STOPPED,SERVICE_WIN32_OWN_PROCESS,diagnosticshub.standardcollector.service,Microsoft (R) Diagnostics Hub Standard Collector Service,N/A
0,0x14b179e38b0,100,1264,SERVICE_AUTO_START,SERVICE_RUNNING,SERVICE_WIN32_OWN_PROCESS|SERVICE_WIN32_SHARE_PROCESS,Dhcp,DHCP Client,C:\Windows\system32\svchost.exe -k LocalServiceNetworkRestricted -p
0,0x14b179e3a50,99,N/A,SERVICE_SYSTEM_START,SERVICE_RUNNING,SERVICE_FILE_SYSTEM_DRIVER,Dfsc,Dfsc,\FileSystem\Dfsc
0,0x14b179de4f0,98,N/A,SERVICE_DEMAND_START,SERVICE_STOPPED,SERVICE_WIN32_SHARE_PROCESS,DevQueryBroker,DevQuery Background Discovery Broker,N/A
0,0x14b179e4410,97,N/A,SERVICE_DEMAND_START,SERVICE_STOPPED,SERVICE_WIN32_SHARE_PROCESS,DevicesFlowUserSvc,DevicesFlow,N/A
0,0x14b179e3230,96,N/A,SERVICE_DISABLED,SERVICE_STOPPED,SERVICE_WIN32_SHARE_PROCESS,DevicePickerUserSvc,DevicePicker,N/A
0,0x14b179e45b0,95,N/A,SERVICE_DEMAND_START,SERVICE_STOPPED,SERVICE_WIN32_SHARE_PROCESS,DeviceInstall,Device Install Service,N/A
0,0x14b179e2a10,94,N/A,SERVICE_DEMAND_START,SERVICE_STOPPED,SERVICE_WIN32_SHARE_PROCESS,DeviceAssociationService,Device Association Service,N/A
0,0x14b179e3f30,93,N/A,SERVICE_DEMAND_START,SERVICE_STOPPED,SERVICE_WIN32_OWN_PROCESS,defragsvc,Optimize drives,N/A
0,0x14b179e3090,92,928,SERVICE_AUTO_START,SERVICE_RUNNING,SERVICE_WIN32_SHARE_PROCESS,DcomLaunch,DCOM Server Process Launcher,C:\Windows\system32\svchost.exe -k DcomLaunch -p
0,0x14b179e4270,91,N/A,SERVICE_SYSTEM_START,SERVICE_STOPPED,SERVICE_KERNEL_DRIVER,dam,dam,N/A
0,0x14b179ddff0,90,N/A,SERVICE_DISABLED,SERVICE_STOPPED,SERVICE_WIN32_SHARE_PROCESS,CscService,Offline Files,N/A
0,0x14b179e3710,89,N/A,SERVICE_DISABLED,SERVICE_STOPPED,SERVICE_KERNEL_DRIVER,CSC,Offline Files Driver,N/A
0,0x14b179e00f0,88,2784,SERVICE_AUTO_START,SERVICE_RUNNING,SERVICE_WIN32_OWN_PROCESS|SERVICE_WIN32_SHARE_PROCESS,CryptSvc,Cryptographic Services,C:\Windows\system32\svchost.exe -k NetworkService -p
0,0x14b179e2ef0,87,1476,SERVICE_AUTO_START,SERVICE_RUNNING,SERVICE_WIN32_SHARE_PROCESS,CoreMessagingRegistrar,CoreMessaging,C:\Windows\system32\svchost.exe -k LocalServiceNoNetwork -p
0,0x14b179e2bb0,86,N/A,SERVICE_DEMAND_START,SERVICE_STOPPED,SERVICE_WIN32_SHARE_PROCESS,ConsentUxUserSvc,ConsentUX,N/A
0,0x14b179e4750,85,N/A,SERVICE_DEMAND_START,SERVICE_RUNNING,SERVICE_KERNEL_DRIVER,condrv,condrv,\Driver\condrv
0,0x14b179ddef0,84,N/A,SERVICE_DEMAND_START,SERVICE_STOPPED,SERVICE_WIN32_OWN_PROCESS,COMSysApp,COM+ System Application,N/A
0,0x14b179e3bf0,83,N/A,SERVICE_DEMAND_START,SERVICE_RUNNING,SERVICE_KERNEL_DRIVER,CompositeBus,CompositeBus,\Driver\CompositeBus
0,0x14b179e01f0,82,N/A,SERVICE_DISABLED,SERVICE_STOPPED,SERVICE_KERNEL_DRIVER,cnghwassist,cnghwassist,N/A
0,0x14b179e08f0,81,N/A,SERVICE_BOOT_START,SERVICE_RUNNING,SERVICE_KERNEL_DRIVER,CNG,CNG,\Driver\CNG
0,0x14b179e06f0,80,N/A,SERVICE_DEMAND_START,SERVICE_STOPPED,SERVICE_KERNEL_DRIVER,CmBatt,CmBatt,N/A
0,0x14b179e03f0,79,N/A,SERVICE_DEMAND_START,SERVICE_STOPPED,SERVICE_WIN32_OWN_PROCESS|SERVICE_WIN32_SHARE_PROCESS,ClipSVC,Client License Service (ClipSVC),N/A
0,0x14b179e3570,78,N/A,SERVICE_BOOT_START,SERVICE_RUNNING,SERVICE_KERNEL_DRIVER,CLFS,CLFS,\Driver\CLFS
0,0x14b179de0f0,77,N/A,SERVICE_AUTO_START,SERVICE_RUNNING,SERVICE_FILE_SYSTEM_DRIVER,CldFlt,CldFlt,\FileSystem\CldFlt
0,0x14b179e1bf0,76,N/A,SERVICE_DEMAND_START,SERVICE_STOPPED,SERVICE_KERNEL_DRIVER,cht4vbd,cht4vbd,N/A
0,0x14b179df3f0,75,N/A,SERVICE_DEMAND_START,SERVICE_STOPPED,SERVICE_KERNEL_DRIVER,cht4iscsi,cht4iscsi,N/A
0,0x14b179de8f0,74,N/A,SERVICE_DEMAND_START,SERVICE_STOPPED,SERVICE_WIN32_OWN_PROCESS,cfn-hup,CloudFormation cfn-hup,N/A
0,0x14b179dbf00,73,2352,SERVICE_DEMAND_START,SERVICE_RUNNING,SERVICE_WIN32_OWN_PROCESS|SERVICE_WIN32_SHARE_PROCESS,CertPropSvc,Certificate Propagation,C:\Windows\system32\svchost.exe -k netsvcs
0,0x14b179dbbc0,72,N/A,SERVICE_SYSTEM_START,SERVICE_RUNNING,SERVICE_KERNEL_DRIVER,cdrom,cdrom,\Driver\cdrom
0,0x14b179e07f0,71,N/A,SERVICE_AUTO_START,SERVICE_STOPPED,SERVICE_WIN32_SHARE_PROCESS,CDPUserSvc,Connected Devices Platform User Service,N/A
0,0x14b179db3a0,70,1884,SERVICE_AUTO_START,SERVICE_RUNNING,SERVICE_WIN32_OWN_PROCESS|SERVICE_WIN32_SHARE_PROCESS,CDPSvc,Connected Devices Platform Service,C:\Windows\system32\svchost.exe -k LocalService -p
0,0x14b179dbd60,69,N/A,SERVICE_DISABLED,SERVICE_STOPPED,SERVICE_FILE_SYSTEM_DRIVER,cdfs,cdfs,N/A
0,0x14b179d3bd0,68,N/A,SERVICE_DEMAND_START,SERVICE_STOPPED,SERVICE_WIN32_SHARE_PROCESS,cbdhsvc,Clipboard User Service,N/A
0,0x14b179dba20,67,N/A,SERVICE_DEMAND_START,SERVICE_STOPPED,SERVICE_WIN32_SHARE_PROCESS,CaptureService,CaptureService,N/A
0,0x14b179db200,66,N/A,SERVICE_DEMAND_START,SERVICE_STOPPED,SERVICE_KERNEL_DRIVER,CapImg,CapImg,N/A
0,0x14b179d3ad0,65,N/A,SERVICE_DEMAND_START,SERVICE_STOPPED,SERVICE_WIN32_OWN_PROCESS|SERVICE_WIN32_SHARE_PROCESS,camsvc,Capability Access Manager Service,N/A
0,0x14b179db540,64,N/A,SERVICE_DEMAND_START,SERVICE_STOPPED,SERVICE_KERNEL_DRIVER,bxois,bxois,N/A
0,0x14b179d58d0,63,N/A,SERVICE_DEMAND_START,SERVICE_STOPPED,SERVICE_KERNEL_DRIVER,bxfcoe,bxfcoe,N/A
0,0x14b179d3cd0,62,N/A,SERVICE_DEMAND_START,SERVICE_STOPPED,SERVICE_KERNEL_DRIVER,buttonconverter,buttonconverter,N/A
0,0x14b179d56d0,61,N/A,SERVICE_DEMAND_START,SERVICE_STOPPED,SERVICE_KERNEL_DRIVER,bttflt,bttflt,N/A
0,0x14b179d55d0,60,N/A,SERVICE_DEMAND_START,SERVICE_STOPPED,SERVICE_KERNEL_DRIVER,BTHUSB,BTHUSB,N/A
0,0x14b179d54d0,59,N/A,SERVICE_DEMAND_START,SERVICE_STOPPED,SERVICE_WIN32_SHARE_PROCESS,bthserv,Bluetooth Support Service,N/A
0,0x14b179db880,58,N/A,SERVICE_DEMAND_START,SERVICE_STOPPED,SERVICE_KERNEL_DRIVER,BTHPORT,BTHPORT,N/A
0,0x14b179d51d0,57,N/A,SERVICE_DEMAND_START,SERVICE_STOPPED,SERVICE_KERNEL_DRIVER,BthMini,BthMini,N/A
0,0x14b179d50d0,56,N/A,SERVICE_DEMAND_START,SERVICE_STOPPED,SERVICE_KERNEL_DRIVER,BthLEEnum,BthLEEnum,N/A
0,0x14b179d4ed0,55,N/A,SERVICE_DEMAND_START,SERVICE_STOPPED,SERVICE_KERNEL_DRIVER,BthEnum,BthEnum,N/A
0,0x14b179d4dd0,54,N/A,SERVICE_DEMAND_START,SERVICE_STOPPED,SERVICE_WIN32_SHARE_PROCESS,BthAvctpSvc,AVCTP service,N/A
0,0x14b179db6e0,53,N/A,SERVICE_DEMAND_START,SERVICE_STOPPED,SERVICE_WIN32_SHARE_PROCESS,BTAGService,Bluetooth Audio Gateway Service,N/A
0,0x14b179daef0,52,928,SERVICE_AUTO_START,SERVICE_RUNNING,SERVICE_WIN32_SHARE_PROCESS,BrokerInfrastructure,Background Tasks Infrastructure Service,C:\Windows\system32\svchost.exe -k DcomLaunch -p
0,0x14b179dace0,51,N/A,SERVICE_DEMAND_START,SERVICE_RUNNING,SERVICE_FILE_SYSTEM_DRIVER,bowser,bowser,\FileSystem\bowser
0,0x14b179d48d0,50,N/A,SERVICE_DEMAND_START,SERVICE_STOPPED,SERVICE_WIN32_SHARE_PROCESS,BITS,Background Intelligent Transfer Service,N/A
0,0x14b179daa80,49,N/A,SERVICE_DEMAND_START,SERVICE_STOPPED,SERVICE_FILE_SYSTEM_DRIVER,bindflt,bindflt,N/A
0,0x14b179d4cd0,48,1576,SERVICE_AUTO_START,SERVICE_RUNNING,SERVICE_WIN32_SHARE_PROCESS,BFE,Base Filtering Engine,C:\Windows\system32\svchost.exe -k LocalServiceNoNetworkFirewall -p
0,0x14b179d9ee0,47,N/A,SERVICE_DEMAND_START,SERVICE_STOPPED,SERVICE_KERNEL_DRIVER,bfadi,bfadi,N/A
0,0x14b179d47d0,46,N/A,SERVICE_DEMAND_START,SERVICE_STOPPED,SERVICE_KERNEL_DRIVER,bfadfcoei,bfadfcoei,N/A
0,0x14b179d52d0,45,N/A,SERVICE_DEMAND_START,SERVICE_STOPPED,SERVICE_KERNEL_DRIVER,Beep,Beep,N/A
0,0x14b179d40d0,44,N/A,SERVICE_DEMAND_START,SERVICE_STOPPED,SERVICE_KERNEL_DRIVER,bcmfn2,bcmfn2,N/A
0,0x14b179d46d0,43,N/A,SERVICE_SYSTEM_START,SERVICE_RUNNING,SERVICE_KERNEL_DRIVER,BasicRender,BasicRender,\Driver\BasicRender
0,0x14b179d3fd0,42,N/A,SERVICE_SYSTEM_START,SERVICE_RUNNING,SERVICE_KERNEL_DRIVER,BasicDisplay,BasicDisplay,\Driver\BasicDisplay
0,0x14b179d4ad0,41,N/A,SERVICE_SYSTEM_START,SERVICE_RUNNING,SERVICE_KERNEL_DRIVER,bam,bam,\Driver\bam
0,0x14b179d42d0,40,N/A,SERVICE_DEMAND_START,SERVICE_STOPPED,SERVICE_KERNEL_DRIVER,b06bdrv,b06bdrv,N/A
0,0x14b179d4fd0,39,N/A,SERVICE_DISABLED,SERVICE_STOPPED,SERVICE_WIN32_SHARE_PROCESS,AxInstSV,ActiveX Installer (AxInstSV),N/A
0,0x14b179d7c10,38,N/A,SERVICE_DEMAND_START,SERVICE_STOPPED,SERVICE_KERNEL_DRIVER,AWSNVMe,AWSNVMe,N/A
0,0x14b179d41d0,37,2768,SERVICE_AUTO_START,SERVICE_RUNNING,SERVICE_WIN32_OWN_PROCESS,AWSLiteAgent,AWS Lite Guest Agent,"""C:\Program Files\Amazon\XenTools\LiteAgent.exe"""
0,0x14b179d7a70,36,N/A,SERVICE_DEMAND_START,SERVICE_STOPPED,SERVICE_WIN32_OWN_PROCESS,Audiosrv,Windows Audio,N/A
0,0x14b179d78d0,35,N/A,SERVICE_DEMAND_START,SERVICE_STOPPED,SERVICE_WIN32_SHARE_PROCESS,AudioEndpointBuilder,Windows Audio Endpoint Builder,N/A
0,0x14b179d7510,34,N/A,SERVICE_BOOT_START,SERVICE_RUNNING,SERVICE_KERNEL_DRIVER,atapi,atapi,\Driver\atapi
0,0x14b179d3ed0,33,N/A,SERVICE_DEMAND_START,SERVICE_STOPPED,SERVICE_KERNEL_DRIVER,AsyncMac,AsyncMac,N/A
0,0x14b179d44d0,32,N/A,SERVICE_DEMAND_START,SERVICE_STOPPED,SERVICE_KERNEL_DRIVER,arcsas,arcsas,N/A
0,0x14b179d53d0,31,N/A,SERVICE_DEMAND_START,SERVICE_STOPPED,SERVICE_WIN32_OWN_PROCESS|SERVICE_WIN32_SHARE_PROCESS,AppXSvc,AppX Deployment Service (AppXSVC),N/A
0,0x14b179d7290,30,N/A,SERVICE_DEMAND_START,SERVICE_STOPPED,SERVICE_FILE_SYSTEM_DRIVER,AppvVfs,AppvVfs,N/A
0,0x14b179d3dd0,29,N/A,SERVICE_DEMAND_START,SERVICE_STOPPED,SERVICE_FILE_SYSTEM_DRIVER,AppvVemgr,AppvVemgr,N/A
0,0x14b179d45d0,28,N/A,SERVICE_DEMAND_START,SERVICE_STOPPED,SERVICE_FILE_SYSTEM_DRIVER,AppvStrm,AppvStrm,N/A
0,0x14b179d4bd0,27,N/A,SERVICE_DISABLED,SERVICE_STOPPED,SERVICE_WIN32_OWN_PROCESS,AppVClient,Microsoft App-V Client,N/A
0,0x14b179d6fd0,26,N/A,SERVICE_DEMAND_START,SERVICE_STOPPED,SERVICE_WIN32_OWN_PROCESS|SERVICE_WIN32_SHARE_PROCESS,AppReadiness,App Readiness,N/A
0,0x14b179d6d90,25,N/A,SERVICE_DEMAND_START,SERVICE_STOPPED,SERVICE_WIN32_SHARE_PROCESS,AppMgmt,Application Management,N/A
0,0x14b179d6b80,24,N/A,SERVICE_DEMAND_START,SERVICE_STOPPED,SERVICE_KERNEL_DRIVER,applockerfltr,applockerfltr,N/A
0,0x14b179d57d0,23,4500,SERVICE_DEMAND_START,SERVICE_RUNNING,SERVICE_WIN32_OWN_PROCESS|SERVICE_WIN32_SHARE_PROCESS,Appinfo,Application Information,C:\Windows\system32\svchost.exe -k netsvcs -p
0,0x14b179d6030,22,N/A,SERVICE_DEMAND_START,SERVICE_STOPPED,SERVICE_WIN32_SHARE_PROCESS,AppIDSvc,Application Identity,N/A
0,0x14b179d5e90,21,N/A,SERVICE_DEMAND_START,SERVICE_STOPPED,SERVICE_KERNEL_DRIVER,AppID,AppID,N/A
0,0x14b179d49d0,20,N/A,SERVICE_DEMAND_START,SERVICE_STOPPED,SERVICE_KERNEL_DRIVER,amdxata,amdxata,N/A
0,0x14b179d43d0,19,N/A,SERVICE_DEMAND_START,SERVICE_STOPPED,SERVICE_KERNEL_DRIVER,amdsbs,amdsbs,N/A
0,0x14b179d3980,18,N/A,SERVICE_DEMAND_START,SERVICE_STOPPED,SERVICE_KERNEL_DRIVER,amdsata,amdsata,N/A
0,0x14b179d3880,17,N/A,SERVICE_DEMAND_START,SERVICE_STOPPED,SERVICE_KERNEL_DRIVER,AmdPPM,AmdPPM,N/A
0,0x14b179d3780,16,N/A,SERVICE_DEMAND_START,SERVICE_STOPPED,SERVICE_KERNEL_DRIVER,AmdK8,AmdK8,N/A
0,0x14b179d2670,15,2728,SERVICE_AUTO_START,SERVICE_RUNNING,SERVICE_WIN32_OWN_PROCESS,AmazonSSMAgent,Amazon SSM Agent,"""C:\Program Files\Amazon\SSM\amazon-ssm-agent.exe"""
0,0x14b179d2420,14,N/A,SERVICE_DEMAND_START,SERVICE_STOPPED,SERVICE_WIN32_OWN_PROCESS,ALG,Application Layer Gateway Service,N/A
0,0x14b179d21d0,13,N/A,SERVICE_DEMAND_START,SERVICE_STOPPED,SERVICE_WIN32_SHARE_PROCESS,AJRouter,AllJoyn Router Service,N/A
0,0x14b179d1ef0,12,N/A,SERVICE_SYSTEM_START,SERVICE_RUNNING,SERVICE_KERNEL_DRIVER,ahcache,ahcache,\Driver\ahcache
0,0x14b179d1df0,11,N/A,SERVICE_SYSTEM_START,SERVICE_RUNNING,SERVICE_KERNEL_DRIVER,afunix,afunix,\Driver\afunix
0,0x14b179d1c40,10,N/A,SERVICE_SYSTEM_START,SERVICE_RUNNING,SERVICE_KERNEL_DRIVER,AFD,AFD,\Driver\AFD
0,0x14b179d1a90,9,N/A,SERVICE_DEMAND_START,SERVICE_STOPPED,SERVICE_KERNEL_DRIVER,ADP80XX,ADP80XX,N/A
0,0x14b179d18e0,8,N/A,SERVICE_DEMAND_START,SERVICE_STOPPED,SERVICE_KERNEL_DRIVER,acpitime,acpitime,N/A
0,0x14b179d1730,7,N/A,SERVICE_DEMAND_START,SERVICE_STOPPED,SERVICE_KERNEL_DRIVER,AcpiPmi,AcpiPmi,N/A
0,0x14b179d1580,6,N/A,SERVICE_DEMAND_START,SERVICE_STOPPED,SERVICE_KERNEL_DRIVER,acpipagr,acpipagr,N/A
0,0x14b179c7030,5,N/A,SERVICE_BOOT_START,SERVICE_RUNNING,SERVICE_KERNEL_DRIVER,acpiex,acpiex,\Driver\acpiex
0,0x14b179c6e80,4,N/A,SERVICE_DEMAND_START,SERVICE_STOPPED,SERVICE_KERNEL_DRIVER,AcpiDev,AcpiDev,N/A
0,0x14b179c6cd0,3,N/A,SERVICE_BOOT_START,SERVICE_RUNNING,SERVICE_KERNEL_DRIVER,ACPI,ACPI,\Driver\ACPI
0,0x14b179c6b20,2,N/A,SERVICE_DEMAND_START,SERVICE_STOPPED,SERVICE_KERNEL_DRIVER,3ware,3ware,N/A
0,0x14b179b43a0,1,N/A,SERVICE_DEMAND_START,SERVICE_STOPPED,SERVICE_KERNEL_DRIVER,1394ohci,1394ohci,N/A
0,0x14b179e3700,90,N/A,SERVICE_DISABLED,SERVICE_STOPPED,SERVICE_WIN32_SHARE_PROCESS,CscService,Offline Files,N/A
0,0x14b17a34ec0,537,N/A,SERVICE_DISABLED,SERVICE_STOPPED,SERVICE_WIN32_OWN_PROCESS,WSearch,Windows Search,N/A
0,0x14b17a03d40,348,1888,SERVICE_AUTO_START,SERVICE_RUNNING,SERVICE_WIN32_OWN_PROCESS|SERVICE_WIN32_SHARE_PROCESS,Schedule,Task Scheduler,C:\Windows\system32\svchost.exe -k netsvcs -p
0,0x14b179fc110,299,928,SERVICE_AUTO_START,SERVICE_RUNNING,SERVICE_WIN32_SHARE_PROCESS,Power,Power,C:\Windows\system32\svchost.exe -k DcomLaunch -p
0,0x14b179fbf70,295,908,SERVICE_DEMAND_START,SERVICE_RUNNING,SERVICE_WIN32_OWN_PROCESS|SERVICE_WIN32_SHARE_PROCESS,PlugPlay,Plug and Play,C:\Windows\system32\svchost.exe -k DcomLaunch -p
0,0x14b179d7280,31,N/A,SERVICE_DEMAND_START,SERVICE_STOPPED,SERVICE_WIN32_OWN_PROCESS|SERVICE_WIN32_SHARE_PROCESS,AppXSvc,AppX Deployment Service (AppXSVC),N/A
0,0x14b17a0a510,383,N/A,SERVICE_AUTO_START,SERVICE_STOPPED,SERVICE_WIN32_OWN_PROCESS,sppsvc,Software Protection,N/A
0,0x14b17a02d00,337,496,SERVICE_AUTO_START,SERVICE_RUNNING,SERVICE_WIN32_SHARE_PROCESS,RpcSs,Remote Procedure Call (RPC),C:\Windows\system32\svchost.exe -k RPCSS -p
0,0x14b179e4260,92,928,SERVICE_AUTO_START,SERVICE_RUNNING,SERVICE_WIN32_SHARE_PROCESS,DcomLaunch,DCOM Server Process Launcher,C:\Windows\system32\svchost.exe -k DcomLaunch -p
0,0x14b17a03380,335,496,SERVICE_AUTO_START,SERVICE_RUNNING,SERVICE_WIN32_SHARE_PROCESS,RpcEptMapper,RPC Endpoint Mapper,C:\Windows\system32\svchost.exe -k RPCSS -p
0,0x14b17a0fb80,404,928,SERVICE_AUTO_START,SERVICE_RUNNING,SERVICE_WIN32_SHARE_PROCESS,SystemEventsBroker,System Events Broker,C:\Windows\system32\svchost.exe -k DcomLaunch -p
0,0x14b179eeaf0,204,624,SERVICE_AUTO_START,SERVICE_RUNNING,SERVICE_WIN32_OWN_PROCESS|SERVICE_WIN32_SHARE_PROCESS,LSM,Local Session Manager,C:\Windows\system32\svchost.exe -k DcomLaunch -p
0,0x14b179dacd0,52,928,SERVICE_AUTO_START,SERVICE_RUNNING,SERVICE_WIN32_SHARE_PROCESS,BrokerInfrastructure,Background Tasks Infrastructure Service,C:\Windows\system32\svchost.exe -k DcomLaunch -p
0,0x14b17a233c0,507,3904,SERVICE_DEMAND_START,SERVICE_RUNNING,SERVICE_WIN32_OWN_PROCESS,WdNisSvc,Windows Defender Antivirus Network Inspection Service,"""C:\ProgramData\Microsoft\Windows Defender\platform\4.18.2102.4-0\NisSrv.exe"""
0,0x14b179e00e0,89,N/A,SERVICE_DISABLED,SERVICE_STOPPED,SERVICE_KERNEL_DRIVER,CSC,Offline Files Driver,N/A
0,0x14b17a233c0,507,3904,SERVICE_DEMAND_START,SERVICE_RUNNING,SERVICE_WIN32_OWN_PROCESS,WdNisSvc,Windows Defender Antivirus Network Inspection Service,"""C:\ProgramData\Microsoft\Windows Defender\platform\4.18.2102.4-0\NisSrv.exe"""
0,0x14b179d7280,31,N/A,SERVICE_DEMAND_START,SERVICE_STOPPED,SERVICE_WIN32_OWN_PROCESS|SERVICE_WIN32_SHARE_PROCESS,AppXSvc,AppX Deployment Service (AppXSVC),N/A
0,0x14b179fb750,247,1152,SERVICE_DEMAND_START,SERVICE_RUNNING,SERVICE_WIN32_OWN_PROCESS|SERVICE_WIN32_SHARE_PROCESS,NcbService,Network Connection Broker,C:\Windows\System32\svchost.exe -k LocalSystemNetworkRestricted -p
0,0x14b17a10880,415,1192,SERVICE_DEMAND_START,SERVICE_RUNNING,SERVICE_WIN32_OWN_PROCESS|SERVICE_WIN32_SHARE_PROCESS,TimeBrokerSvc,Time Broker,C:\Windows\system32\svchost.exe -k LocalServiceNetworkRestricted -p
0,0x14b179edf90,199,1172,SERVICE_DEMAND_START,SERVICE_RUNNING,SERVICE_WIN32_OWN_PROCESS|SERVICE_WIN32_SHARE_PROCESS,lmhosts,TCP/IP NetBIOS Helper,C:\Windows\System32\svchost.exe -k LocalServiceNetworkRestricted -p
0,0x14b179d9ed0,48,1576,SERVICE_AUTO_START,SERVICE_RUNNING,SERVICE_WIN32_SHARE_PROCESS,BFE,Base Filtering Engine,C:\Windows\system32\svchost.exe -k LocalServiceNoNetworkFirewall -p
0,0x14b179e6450,127,1384,SERVICE_AUTO_START,SERVICE_RUNNING,SERVICE_WIN32_OWN_PROCESS|SERVICE_WIN32_SHARE_PROCESS,EventLog,Windows Event Log,C:\Windows\System32\svchost.exe -k LocalServiceNetworkRestricted -p
0,0x14b179e6c70,146,1660,SERVICE_AUTO_START,SERVICE_RUNNING,SERVICE_WIN32_OWN_PROCESS|SERVICE_WIN32_SHARE_PROCESS,gpsvc,Group Policy Client,C:\Windows\system32\svchost.exe -k netsvcs -p
0,0x14b17a10060,412,1092,SERVICE_DEMAND_START,SERVICE_RUNNING,SERVICE_WIN32_OWN_PROCESS|SERVICE_WIN32_SHARE_PROCESS,TermService,Remote Desktop Services,C:\Windows\System32\svchost.exe -k termsvcs
0,0x14b179e33c0,107,1312,SERVICE_AUTO_START,SERVICE_RUNNING,SERVICE_WIN32_OWN_PROCESS|SERVICE_WIN32_SHARE_PROCESS,Dnscache,DNS Client,C:\Windows\system32\svchost.exe -k NetworkService -p
0,0x14b17a356e0,532,N/A,SERVICE_DEMAND_START,SERVICE_STOPPED,SERVICE_WIN32_OWN_PROCESS|SERVICE_WIN32_SHARE_PROCESS,WPDBusEnum,Portable Device Enumerator Service,N/A
0,0x14b179fb5b0,263,1848,SERVICE_DEMAND_START,SERVICE_RUNNING,SERVICE_WIN32_OWN_PROCESS|SERVICE_WIN32_SHARE_PROCESS,netprofm,Network List Service,C:\Windows\System32\svchost.exe -k LocalService -p
0,0x14b179e3a40,100,1264,SERVICE_AUTO_START,SERVICE_RUNNING,SERVICE_WIN32_OWN_PROCESS|SERVICE_WIN32_SHARE_PROCESS,Dhcp,DHCP Client,C:\Windows\system32\svchost.exe -k LocalServiceNetworkRestricted -p
0,0x14b17a10540,413,1712,SERVICE_AUTO_START,SERVICE_RUNNING,SERVICE_WIN32_OWN_PROCESS|SERVICE_WIN32_SHARE_PROCESS,Themes,Themes,C:\Windows\System32\svchost.exe -k netsvcs -p
0,0x14b179e7630,128,1680,SERVICE_AUTO_START,SERVICE_RUNNING,SERVICE_WIN32_OWN_PROCESS|SERVICE_WIN32_SHARE_PROCESS,EventSystem,COM+ Event System,C:\Windows\system32\svchost.exe -k LocalService -p
0,0x14b17a34360,538,N/A,SERVICE_DEMAND_START,SERVICE_STOPPED,SERVICE_WIN32_OWN_PROCESS|SERVICE_WIN32_SHARE_PROCESS,wuauserv,Windows Update,N/A
0,0x14b17a22ee0,518,6828,SERVICE_DEMAND_START,SERVICE_RUNNING,SERVICE_WIN32_OWN_PROCESS|SERVICE_WIN32_SHARE_PROCESS,WinHttpAutoProxySvc,WinHTTP Web Proxy Auto-Discovery Service,C:\Windows\system32\svchost.exe -k LocalServiceNetworkRestricted -p
0,0x14b179fb8f0,272,1164,SERVICE_AUTO_START,SERVICE_RUNNING,SERVICE_WIN32_OWN_PROCESS|SERVICE_WIN32_SHARE_PROCESS,nsi,Network Store Interface Service,C:\Windows\system32\svchost.exe -k LocalService -p
0,0x14b17a22a00,489,1180,SERVICE_AUTO_START,SERVICE_RUNNING,SERVICE_WIN32_OWN_PROCESS|SERVICE_WIN32_SHARE_PROCESS,W32Time,Windows Time,C:\Windows\system32\svchost.exe -k LocalService
0,0x14b179e62b0,113,7032,SERVICE_DEMAND_START,SERVICE_RUNNING,SERVICE_WIN32_OWN_PROCESS|SERVICE_WIN32_SHARE_PROCESS,DsSvc,Data Sharing Service,C:\Windows\System32\svchost.exe -k LocalSystemNetworkRestricted -p
0,0x14b179edc50,196,2196,SERVICE_DEMAND_START,SERVICE_RUNNING,SERVICE_WIN32_OWN_PROCESS|SERVICE_WIN32_SHARE_PROCESS,LicenseManager,Windows License Manager Service,C:\Windows\System32\svchost.exe -k LocalService -p
0,0x14b17f53b70,592,N/A,SERVICE_DEMAND_START,SERVICE_RUNNING,SERVICE_KERNEL_DRIVER,pmem,pmem,\Driver\pmem
0,0x14b17f53b80,558,N/A,SERVICE_DEMAND_START,SERVICE_RUNNING,SERVICE_KERNEL_DRIVER,MpKsl82f3739c,MpKsl82f3739c,\Driver\MpKsl82f3739c
0,0x14b17f55780,557,2716,SERVICE_AUTO_START,SERVICE_RUNNING,SERVICE_WIN32_OWN_PROCESS|SERVICE_WIN32_SHARE_PROCESS,WpnUserService_a91f1,Windows Push Notifications User Service_a91f1,C:\Windows\system32\svchost.exe -k UnistackSvcGroup
0,0x14b17be45f0,556,N/A,SERVICE_DEMAND_START,SERVICE_STOPPED,SERVICE_WIN32_SHARE_PROCESS,UserDataSvc_a91f1,User Data Access_a91f1,N/A
0,0x14b17be4440,555,N/A,SERVICE_DEMAND_START,SERVICE_STOPPED,SERVICE_WIN32_SHARE_PROCESS,UnistoreSvc_a91f1,User Data Storage_a91f1,N/A
0,0x14b17be40e0,554,N/A,SERVICE_DEMAND_START,SERVICE_STOPPED,SERVICE_WIN32_SHARE_PROCESS,PrintWorkflowUserSvc_a91f1,PrintWorkflow_a91f1,N/A
0,0x14b17be3d80,553,N/A,SERVICE_DEMAND_START,SERVICE_STOPPED,SERVICE_WIN32_SHARE_PROCESS,PimIndexMaintenanceSvc_a91f1,Contact Data_a91f1,N/A
0,0x14b17be3f30,552,N/A,SERVICE_DEMAND_START,SERVICE_STOPPED,SERVICE_WIN32_SHARE_PROCESS,DevicesFlowUserSvc_a91f1,DevicesFlow_a91f1,N/A
0,0x14b17be4290,551,N/A,SERVICE_DISABLED,SERVICE_STOPPED,SERVICE_WIN32_SHARE_PROCESS,DevicePickerUserSvc_a91f1,DevicePicker_a91f1,N/A
0,0x14b17be4950,550,N/A,SERVICE_DEMAND_START,SERVICE_STOPPED,SERVICE_WIN32_SHARE_PROCESS,ConsentUxUserSvc_a91f1,ConsentUX_a91f1,N/A
0,0x14b17be4b00,549,1456,SERVICE_AUTO_START,SERVICE_RUNNING,SERVICE_WIN32_OWN_PROCESS|SERVICE_WIN32_SHARE_PROCESS,CDPUserSvc_a91f1,Connected Devices Platform User Service_a91f1,C:\Windows\system32\svchost.exe -k UnistackSvcGroup
0,0x14b179ee7b0,194,2092,SERVICE_AUTO_START,SERVICE_RUNNING,SERVICE_WIN32_OWN_PROCESS|SERVICE_WIN32_SHARE_PROCESS,LanmanWorkstation,Workstation,C:\Windows\System32\svchost.exe -k NetworkService -p
0,0x14b17a0a510,383,N/A,SERVICE_AUTO_START,SERVICE_STOPPED,SERVICE_WIN32_OWN_PROCESS,sppsvc,Software Protection,N/A
0,0x14b179e7cb0,110,2472,SERVICE_AUTO_START,SERVICE_RUNNING,SERVICE_WIN32_OWN_PROCESS|SERVICE_WIN32_SHARE_PROCESS,DPS,Diagnostic Policy Service,C:\Windows\System32\svchost.exe -k LocalServiceNoNetwork -p
0,0x14b179e2ee0,88,2784,SERVICE_AUTO_START,SERVICE_RUNNING,SERVICE_WIN32_OWN_PROCESS|SERVICE_WIN32_SHARE_PROCESS,CryptSvc,Cryptographic Services,C:\Windows\system32\svchost.exe -k NetworkService -p
0,0x14b17a233c0,507,3904,SERVICE_DEMAND_START,SERVICE_RUNNING,SERVICE_WIN32_OWN_PROCESS,WdNisSvc,Windows Defender Antivirus Network Inspection Service,"""C:\ProgramData\Microsoft\Windows Defender\platform\4.18.2102.4-0\NisSrv.exe"""
0,0x14b179e2ba0,87,1476,SERVICE_AUTO_START,SERVICE_RUNNING,SERVICE_WIN32_SHARE_PROCESS,CoreMessagingRegistrar,CoreMessaging,C:\Windows\system32\svchost.exe -k LocalServiceNoNetwork -p
0,0x14b179fbc30,269,1612,SERVICE_AUTO_START,SERVICE_RUNNING,SERVICE_WIN32_OWN_PROCESS|SERVICE_WIN32_SHARE_PROCESS,NlaSvc,Network Location Awareness,C:\Windows\System32\svchost.exe -k NetworkService -p
0,0x14b17a226c0,498,1924,SERVICE_AUTO_START,SERVICE_RUNNING,SERVICE_WIN32_OWN_PROCESS,Wcmsvc,Windows Connection Manager,C:\Windows\system32\svchost.exe -k LocalServiceNetworkRestricted -p
0,0x14b179d78c0,36,N/A,SERVICE_DEMAND_START,SERVICE_STOPPED,SERVICE_WIN32_OWN_PROCESS,Audiosrv,Windows Audio,N/A
0,0x14b179d6020,23,4500,SERVICE_DEMAND_START,SERVICE_RUNNING,SERVICE_WIN32_OWN_PROCESS|SERVICE_WIN32_SHARE_PROCESS,Appinfo,Application Information,C:\Windows\system32\svchost.exe -k netsvcs -p
0,0x14b17a1bb70,443,2004,SERVICE_DEMAND_START,SERVICE_RUNNING,SERVICE_WIN32_OWN_PROCESS|SERVICE_WIN32_SHARE_PROCESS,UmRdpService,Remote Desktop Services UserMode Port Redirector,C:\Windows\System32\svchost.exe -k LocalSystemNetworkRestricted -p
0,0x14b179d7a60,37,2768,SERVICE_AUTO_START,SERVICE_RUNNING,SERVICE_WIN32_OWN_PROCESS,AWSLiteAgent,AWS Lite Guest Agent,"""C:\Program Files\Amazon\XenTools\LiteAgent.exe"""
0,0x14b179e6ad0,140,1260,SERVICE_AUTO_START,SERVICE_RUNNING,SERVICE_WIN32_OWN_PROCESS|SERVICE_WIN32_SHARE_PROCESS,FontCache,Windows Font Cache Service,C:\Windows\system32\svchost.exe -k LocalService -p
0,0x14b179fb5b0,263,1848,SERVICE_DEMAND_START,SERVICE_RUNNING,SERVICE_WIN32_OWN_PROCESS|SERVICE_WIN32_SHARE_PROCESS,netprofm,Network List Service,C:\Windows\System32\svchost.exe -k LocalService -p
0,0x14b179fb410,261,776,SERVICE_AUTO_START,SERVICE_RUNNING,SERVICE_WIN32_SHARE_PROCESS,Netlogon,Netlogon,C:\Windows\system32\lsass.exe
0,0x14b17a09190,367,2456,SERVICE_DEMAND_START,SERVICE_RUNNING,SERVICE_WIN32_OWN_PROCESS|SERVICE_WIN32_SHARE_PROCESS,SessionEnv,Remote Desktop Configuration,C:\Windows\System32\svchost.exe -k netsvcs -p
0,0x14b17a0a6b0,386,N/A,SERVICE_DISABLED,SERVICE_STOPPED,SERVICE_WIN32_SHARE_PROCESS,SSDPSRV,SSDP Discovery,N/A
0,0x14b17a036c0,304,1668,SERVICE_AUTO_START,SERVICE_RUNNING,SERVICE_WIN32_OWN_PROCESS|SERVICE_WIN32_SHARE_PROCESS,ProfSvc,User Profile Service,C:\Windows\system32\svchost.exe -k netsvcs -p
0,0x14b179ee470,176,2560,SERVICE_AUTO_START,SERVICE_RUNNING,SERVICE_WIN32_OWN_PROCESS|SERVICE_WIN32_SHARE_PROCESS,iphlpsvc,IP Helper,C:\Windows\System32\svchost.exe -k NetSvcs -p
0,0x14b17a09330,357,1824,SERVICE_AUTO_START,SERVICE_RUNNING,SERVICE_WIN32_OWN_PROCESS|SERVICE_WIN32_SHARE_PROCESS,SENS,System Event Notification Service,C:\Windows\system32\svchost.exe -k netsvcs -p
0,0x14b17a34ec0,537,N/A,SERVICE_DISABLED,SERVICE_STOPPED,SERVICE_WIN32_OWN_PROCESS,WSearch,Windows Search,N/A
0,0x14b179f2c50,215,N/A,SERVICE_DEMAND_START,SERVICE_RUNNING,SERVICE_KERNEL_DRIVER,MMCSS,MMCSS,\Driver\MMCSS
0,0x14b17a353a0,527,6484,SERVICE_DEMAND_START,SERVICE_RUNNING,SERVICE_WIN32_OWN_PROCESS|SERVICE_WIN32_SHARE_PROCESS,wlidsvc,Microsoft Account Sign-in Assistant,C:\Windows\system32\svchost.exe -k netsvcs -p
0,0x14b179e6790,112,652,SERVICE_DEMAND_START,SERVICE_RUNNING,SERVICE_WIN32_OWN_PROCESS|SERVICE_WIN32_SHARE_PROCESS,DsmSvc,Device Setup Manager,C:\Windows\system32\svchost.exe -k netsvcs -p
0,0x14b17a34ec0,537,N/A,SERVICE_DISABLED,SERVICE_STOPPED,SERVICE_WIN32_OWN_PROCESS,WSearch,Windows Search,N/A
0,0x14b17a353a0,527,6484,SERVICE_DEMAND_START,SERVICE_RUNNING,SERVICE_WIN32_OWN_PROCESS|SERVICE_WIN32_SHARE_PROCESS,wlidsvc,Microsoft Account Sign-in Assistant,C:\Windows\system32\svchost.exe -k netsvcs -p
0,0x14b17a22ee0,518,6828,SERVICE_DEMAND_START,SERVICE_RUNNING,SERVICE_WIN32_OWN_PROCESS|SERVICE_WIN32_SHARE_PROCESS,WinHttpAutoProxySvc,WinHTTP Web Proxy Auto-Discovery Service,C:\Windows\system32\svchost.exe -k LocalServiceNetworkRestricted -p
0,0x14b179e6790,112,652,SERVICE_DEMAND_START,SERVICE_RUNNING,SERVICE_WIN32_OWN_PROCESS|SERVICE_WIN32_SHARE_PROCESS,DsmSvc,Device Setup Manager,C:\Windows\system32\svchost.exe -k netsvcs -p
0,0x14b17a1b9d0,461,1524,SERVICE_AUTO_START,SERVICE_RUNNING,SERVICE_WIN32_OWN_PROCESS|SERVICE_WIN32_SHARE_PROCESS,UsoSvc,Update Orchestrator Service,C:\Windows\system32\svchost.exe -k netsvcs -p
0,0x14b179eec90,187,776,SERVICE_DEMAND_START,SERVICE_RUNNING,SERVICE_WIN32_SHARE_PROCESS,KeyIso,CNG Key Isolation,C:\Windows\system32\lsass.exe
0,0x14b179ef990,226,1104,SERVICE_AUTO_START,SERVICE_RUNNING,SERVICE_WIN32_OWN_PROCESS,MSDTC,Distributed Transaction Coordinator,C:\Windows\System32\msdtc.exe
0,0x14b17a0fd20,405,4128,SERVICE_DEMAND_START,SERVICE_RUNNING,SERVICE_WIN32_OWN_PROCESS|SERVICE_WIN32_SHARE_PROCESS,TabletInputService,Touch Keyboard and Handwriting Panel Service,C:\Windows\System32\svchost.exe -k LocalSystemNetworkRestricted -p
0,0x14b179dbd50,70,1884,SERVICE_AUTO_START,SERVICE_RUNNING,SERVICE_WIN32_OWN_PROCESS|SERVICE_WIN32_SHARE_PROCESS,CDPSvc,Connected Devices Platform Service,C:\Windows\system32\svchost.exe -k LocalService -p
0,0x14b179fa8b0,281,4140,SERVICE_DEMAND_START,SERVICE_RUNNING,SERVICE_WIN32_OWN_PROCESS|SERVICE_WIN32_SHARE_PROCESS,PcaSvc,Program Compatibility Assistant Service,C:\Windows\system32\svchost.exe -k LocalSystemNetworkRestricted -p
0,0x14b17a0a510,383,N/A,SERVICE_AUTO_START,SERVICE_STOPPED,SERVICE_WIN32_OWN_PROCESS,sppsvc,Software Protection,N/A
0,0x14b179fb5b0,263,1848,SERVICE_DEMAND_START,SERVICE_RUNNING,SERVICE_WIN32_OWN_PROCESS|SERVICE_WIN32_SHARE_PROCESS,netprofm,Network List Service,C:\Windows\System32\svchost.exe -k LocalService -p
0,0x14b179dbbb0,73,2352,SERVICE_DEMAND_START,SERVICE_RUNNING,SERVICE_WIN32_OWN_PROCESS|SERVICE_WIN32_SHARE_PROCESS,CertPropSvc,Certificate Propagation,C:\Windows\system32\svchost.exe -k netsvcs
0,0x14b17a10060,412,1092,SERVICE_DEMAND_START,SERVICE_RUNNING,SERVICE_WIN32_OWN_PROCESS|SERVICE_WIN32_SHARE_PROCESS,TermService,Remote Desktop Services,C:\Windows\System32\svchost.exe -k termsvcs
0,0x14b179ef650,222,1576,SERVICE_AUTO_START,SERVICE_RUNNING,SERVICE_WIN32_SHARE_PROCESS,mpssvc,Windows Defender Firewall,C:\Windows\system32\svchost.exe -k LocalServiceNoNetworkFirewall -p
0,0x14b17a23700,520,2396,SERVICE_AUTO_START,SERVICE_RUNNING,SERVICE_WIN32_OWN_PROCESS|SERVICE_WIN32_SHARE_PROCESS,Winmgmt,Windows Management Instrumentation,C:\Windows\system32\svchost.exe -k netsvcs -p
0,0x14b17a22d40,515,2992,SERVICE_AUTO_START,SERVICE_RUNNING,SERVICE_WIN32_OWN_PROCESS,WinDefend,Windows Defender Antivirus Service,"""C:\ProgramData\Microsoft\Windows Defender\platform\4.18.2102.4-0\MsMpEng.exe"""
0,0x14b179fb5b0,263,1848,SERVICE_DEMAND_START,SERVICE_RUNNING,SERVICE_WIN32_OWN_PROCESS|SERVICE_WIN32_SHARE_PROCESS,netprofm,Network List Service,C:\Windows\System32\svchost.exe -k LocalService -p
0,0x14b17a10200,388,2848,SERVICE_DEMAND_START,SERVICE_RUNNING,SERVICE_WIN32_OWN_PROCESS|SERVICE_WIN32_SHARE_PROCESS,SstpSvc,Secure Socket Tunneling Protocol Service,C:\Windows\system32\svchost.exe -k LocalService -p
0,0x14b17a1c390,460,2336,SERVICE_AUTO_START,SERVICE_RUNNING,SERVICE_WIN32_OWN_PROCESS|SERVICE_WIN32_SHARE_PROCESS,UserManager,User Manager,C:\Windows\system32\svchost.exe -k netsvcs -p
0,0x14b17a03860,343,776,SERVICE_AUTO_START,SERVICE_RUNNING,SERVICE_WIN32_SHARE_PROCESS,SamSs,Security Accounts Manager,C:\Windows\system32\lsass.exe
0,0x14b17a0fec0,406,N/A,SERVICE_DEMAND_START,SERVICE_STOPPED,SERVICE_WIN32_SHARE_PROCESS,tapisrv,Telephony,N/A
0,0x14b17a02340,321,3112,SERVICE_AUTO_START,SERVICE_RUNNING,SERVICE_WIN32_SHARE_PROCESS,RasMan,Remote Access Connection Manager,C:\Windows\System32\svchost.exe -k netsvcs
0,0x14b17a02340,321,3112,SERVICE_AUTO_START,SERVICE_RUNNING,SERVICE_WIN32_SHARE_PROCESS,RasMan,Remote Access Connection Manager,C:\Windows\System32\svchost.exe -k netsvcs
0,0x14b17a08cb0,372,2032,SERVICE_AUTO_START,SERVICE_RUNNING,SERVICE_WIN32_OWN_PROCESS|SERVICE_WIN32_SHARE_PROCESS,ShellHWDetection,Shell Hardware Detection,C:\Windows\System32\svchost.exe -k netsvcs -p
0,0x14b179d2410,15,2728,SERVICE_AUTO_START,SERVICE_RUNNING,SERVICE_WIN32_OWN_PROCESS,AmazonSSMAgent,Amazon SSM Agent,"""C:\Program Files\Amazon\SSM\amazon-ssm-agent.exe"""
0,0x14b17a33180,534,3036,SERVICE_AUTO_START,SERVICE_RUNNING,SERVICE_WIN32_OWN_PROCESS|SERVICE_WIN32_SHARE_PROCESS,WpnService,Windows Push Notifications System Service,C:\Windows\system32\svchost.exe -k netsvcs -p
0,0x14b17a0a1d0,382,2588,SERVICE_AUTO_START,SERVICE_RUNNING,SERVICE_WIN32_OWN_PROCESS|SERVICE_INTERACTIVE_PROCESS,Spooler,Print Spooler,C:\Windows\System32\spoolsv.exe
0,0x14b17a103a0,389,1328,SERVICE_DEMAND_START,SERVICE_RUNNING,SERVICE_WIN32_OWN_PROCESS|SERVICE_WIN32_SHARE_PROCESS,StateRepository,State Repository Service,C:\Windows\system32\svchost.exe -k appmodel -p
0,0x14b17a0f6a0,396,4292,SERVICE_DEMAND_START,SERVICE_RUNNING,SERVICE_WIN32_OWN_PROCESS|SERVICE_WIN32_SHARE_PROCESS,StorSvc,Storage Service,C:\Windows\System32\svchost.exe -k LocalSystemNetworkRestricted -p
0,0x14b17a10d60,416,1688,SERVICE_DEMAND_START,SERVICE_RUNNING,SERVICE_WIN32_OWN_PROCESS|SERVICE_WIN32_SHARE_PROCESS,TokenBroker,Web Account Manager,C:\Windows\system32\svchost.exe -k netsvcs -p
0,0x14b17be45e0,557,2716,SERVICE_AUTO_START,SERVICE_RUNNING,SERVICE_WIN32_OWN_PROCESS|SERVICE_WIN32_SHARE_PROCESS,WpnUserService_a91f1,Windows Push Notifications User Service_a91f1,C:\Windows\system32\svchost.exe -k UnistackSvcGroup
0,0x14b179eee30,193,2904,SERVICE_AUTO_START,SERVICE_RUNNING,SERVICE_WIN32_OWN_PROCESS|SERVICE_WIN32_SHARE_PROCESS,LanmanServer,Server,C:\Windows\System32\svchost.exe -k smbsvcs
0,0x14b179ee470,176,2560,SERVICE_AUTO_START,SERVICE_RUNNING,SERVICE_WIN32_OWN_PROCESS|SERVICE_WIN32_SHARE_PROCESS,iphlpsvc,IP Helper,C:\Windows\System32\svchost.exe -k NetSvcs -p
0,0x14b17a21ea0,523,2964,SERVICE_AUTO_START,SERVICE_RUNNING,SERVICE_WIN32_OWN_PROCESS|SERVICE_WIN32_SHARE_PROCESS,WinRM,Windows Remote Management (WS-Management),C:\Windows\System32\svchost.exe -k NetworkService -p
0,0x14b17a0f500,403,2896,SERVICE_AUTO_START,SERVICE_RUNNING,SERVICE_WIN32_OWN_PROCESS|SERVICE_WIN32_SHARE_PROCESS,SysMain,SysMain,C:\Windows\system32\svchost.exe -k LocalSystemNetworkRestricted -p
0,0x14b179ef650,222,1576,SERVICE_AUTO_START,SERVICE_RUNNING,SERVICE_WIN32_SHARE_PROCESS,mpssvc,Windows Defender Firewall,C:\Windows\system32\svchost.exe -k LocalServiceNoNetworkFirewall -p
0,0x14b17a10f00,418,2956,SERVICE_AUTO_START,SERVICE_RUNNING,SERVICE_WIN32_OWN_PROCESS|SERVICE_WIN32_SHARE_PROCESS,TrkWks,Distributed Link Tracking Client,C:\Windows\System32\svchost.exe -k LocalSystemNetworkRestricted -p
0,0x14b17a1c050,425,4012,SERVICE_AUTO_START,SERVICE_RUNNING,SERVICE_WIN32_OWN_PROCESS|SERVICE_WIN32_SHARE_PROCESS,UALSVC,User Access Logging Service,C:\Windows\system32\svchost.exe -k LocalSystemNetworkRestricted -p
0,0x14b179d9ed0,48,1576,SERVICE_AUTO_START,SERVICE_RUNNING,SERVICE_WIN32_SHARE_PROCESS,BFE,Base Filtering Engine,C:\Windows\system32\svchost.exe -k LocalServiceNoNetworkFirewall -p

